Student_id,Course_id,Grades,Marks
amanda.dudley@myscu.edu,DATA202,N/A,N/A
nicholas.arnold@myscu.edu,DATA215,F,12
nicholas.arnold@myscu.edu,DATA211,A,97
maria.montgomery@myscu.edu,DATA204,A,96
maria.montgomery@myscu.edu,DATA203,F,24
maria.montgomery@myscu.edu,DATA208,F,16
michelle.ray@myscu.edu,DATA216,F,59
michelle.ray@myscu.edu,DATA218,C,76
janet.williams@myscu.edu,DATA204,C,70
janet.williams@myscu.edu,DATA207,F,6
janet.williams@myscu.edu,DATA202,F,45
janet.williams@myscu.edu,DATA205,A,95
jeremy.roberts@myscu.edu,DATA202,C,75
jeremy.roberts@myscu.edu,DATA218,B,86
craig.ramirez@myscu.edu,DATA216,A,98
cynthia.diaz@myscu.edu,DATA202,F,3
cynthia.diaz@myscu.edu,DATA206,F,29
cynthia.diaz@myscu.edu,DATA204,B,85
cynthia.diaz@myscu.edu,DATA205,A,96
mitchell.clark@myscu.edu,DATA218,F,8
mitchell.clark@myscu.edu,DATA207,F,6
mitchell.clark@myscu.edu,DATA213,F,1
mitchell.clark@myscu.edu,DATA216,F,36
joseph.zuniga@myscu.edu,DATA205,B,86
joseph.zuniga@myscu.edu,DATA218,C,79
joseph.zuniga@myscu.edu,DATA206,F,27
deborah.lynch@myscu.edu,DATA207,F,38
george.daniel@myscu.edu,DATA213,F,1
george.daniel@myscu.edu,DATA206,F,26
george.daniel@myscu.edu,DATA212,B,88
george.daniel@myscu.edu,DATA219,C,74
frank.gray@myscu.edu,DATA211,F,15
frank.gray@myscu.edu,DATA209,F,0
frank.gray@myscu.edu,DATA204,F,35
frank.gray@myscu.edu,DATA212,F,44
veronica.bowman@myscu.edu,DATA207,F,16
veronica.bowman@myscu.edu,DATA213,F,4
veronica.bowman@myscu.edu,DATA218,F,27
veronica.bowman@myscu.edu,DATA209,F,54
veronica.bowman@myscu.edu,DATA208,F,5
angela.cohen@myscu.edu,DATA208,D,64
angela.cohen@myscu.edu,DATA219,C,78
megan.parsons@myscu.edu,DATA213,B,89
jeremy.johnson@myscu.edu,DATA208,F,36
jeremy.johnson@myscu.edu,DATA215,F,8
leslie.adams@myscu.edu,DATA213,D,69
jason.hahn@myscu.edu,DATA218,B,80
jason.hahn@myscu.edu,DATA206,C,78
jason.hahn@myscu.edu,DATA208,F,12
nancy.edwards@myscu.edu,DATA218,B,83
diana.foster@myscu.edu,DATA212,F,43
diana.foster@myscu.edu,DATA218,C,78
joseph.wright@myscu.edu,DATA206,F,22
joseph.wright@myscu.edu,DATA204,A,93
anna.baker@myscu.edu,DATA211,F,45
brenda.hurst@myscu.edu,DATA212,F,44
brenda.hurst@myscu.edu,DATA207,A,97
reginald.robinson@myscu.edu,DATA214,A,90
whitney.hicks@myscu.edu,DATA219,F,31
christopher.williams@myscu.edu,DATA207,F,47
christopher.williams@myscu.edu,DATA204,B,87
christopher.williams@myscu.edu,DATA206,C,72
christopher.williams@myscu.edu,DATA208,F,43
daniel.burton@myscu.edu,DATA204,F,18
laura.henderson@myscu.edu,DATA215,F,5
laura.henderson@myscu.edu,DATA206,F,49
laura.henderson@myscu.edu,DATA203,F,9
laura.henderson@myscu.edu,DATA219,F,4
bryan.james@myscu.edu,DATA219,F,7
bryan.james@myscu.edu,DATA203,F,52
bryan.james@myscu.edu,DATA206,C,72
wendy.rice@myscu.edu,DATA216,C,73
wendy.rice@myscu.edu,DATA204,F,1
wendy.rice@myscu.edu,DATA219,B,82
wendy.rice@myscu.edu,DATA203,F,2
tasha.valencia@myscu.edu,DATA213,F,50
alexander.le@myscu.edu,DATA205,F,54
alexander.le@myscu.edu,DATA216,C,70
alexander.le@myscu.edu,DATA208,F,7
alexander.le@myscu.edu,DATA214,F,9
erin.herrera@myscu.edu,DATA207,D,69
erin.herrera@myscu.edu,DATA204,F,49
joseph.davidson@myscu.edu,DATA219,A,91
joseph.davidson@myscu.edu,DATA212,F,56
daniel.graham@myscu.edu,DATA216,D,61
daniel.graham@myscu.edu,DATA206,F,33
daniel.graham@myscu.edu,DATA207,F,5
shawn.mckay@myscu.edu,DATA209,A,99
shawn.mckay@myscu.edu,DATA215,B,89
shawn.mckay@myscu.edu,DATA208,F,30
shawn.mckay@myscu.edu,DATA213,D,61
nancy.baker@myscu.edu,DATA215,D,64
vincent.white@myscu.edu,DATA202,F,34
vincent.white@myscu.edu,DATA213,B,87
rita.harrell@myscu.edu,DATA213,F,16
rita.harrell@myscu.edu,DATA205,A,91
rita.harrell@myscu.edu,DATA218,B,84
kenneth.fowler@myscu.edu,DATA219,F,24
kenneth.fowler@myscu.edu,DATA216,C,72
kenneth.fowler@myscu.edu,DATA209,F,36
kenneth.fowler@myscu.edu,DATA206,F,39
chelsea.hernandez@myscu.edu,DATA203,B,89
chelsea.hernandez@myscu.edu,DATA209,F,47
chelsea.hernandez@myscu.edu,DATA204,F,28
kathryn.ryan@myscu.edu,DATA213,F,2
kathryn.ryan@myscu.edu,DATA208,F,0
kathryn.ryan@myscu.edu,DATA205,F,50
kimberly.moreno@myscu.edu,DATA202,D,62
kimberly.moreno@myscu.edu,DATA215,F,48
kimberly.moreno@myscu.edu,DATA216,A,97
andrew.hickman@myscu.edu,DATA202,F,42
andrew.hickman@myscu.edu,DATA214,F,41
andrew.hickman@myscu.edu,DATA211,F,1
andrew.hickman@myscu.edu,DATA209,F,27
andrew.hickman@myscu.edu,DATA207,F,20
natasha.decker@myscu.edu,DATA204,B,81
natasha.decker@myscu.edu,DATA206,F,44
natasha.decker@myscu.edu,DATA208,F,1
natasha.decker@myscu.edu,DATA215,F,9
kyle.brown@myscu.edu,DATA208,F,27
kyle.brown@myscu.edu,DATA205,F,48
kyle.brown@myscu.edu,DATA215,F,40
natalie.arroyo@myscu.edu,DATA211,F,32
natalie.arroyo@myscu.edu,DATA214,F,16
christopher.tucker@myscu.edu,DATA208,F,50
chad.hodges@myscu.edu,DATA212,F,36
chad.hodges@myscu.edu,DATA215,F,13
katie.anderson@myscu.edu,DATA208,F,58
katie.anderson@myscu.edu,DATA207,D,68
katie.anderson@myscu.edu,DATA216,F,23
thomas.pierce@myscu.edu,DATA214,C,74
thomas.pierce@myscu.edu,DATA203,F,7
joseph.brennan@myscu.edu,DATA211,F,23
joseph.brennan@myscu.edu,DATA216,B,84
rodney.lewis@myscu.edu,DATA209,C,73
rodney.lewis@myscu.edu,DATA203,B,89
rodney.lewis@myscu.edu,DATA208,A,99
amber.blair@myscu.edu,DATA209,F,28
amber.blair@myscu.edu,DATA212,F,28
amber.blair@myscu.edu,DATA202,F,42
james.collins@myscu.edu,DATA219,F,12
james.collins@myscu.edu,DATA203,F,8
james.collins@myscu.edu,DATA207,F,1
james.collins@myscu.edu,DATA209,A,94
james.collins@myscu.edu,DATA208,A,100
samuel.holmes@myscu.edu,DATA209,F,5
samuel.holmes@myscu.edu,DATA218,B,82
samuel.holmes@myscu.edu,DATA216,F,53
samuel.holmes@myscu.edu,DATA205,B,86
samuel.holmes@myscu.edu,DATA215,F,5
david.walker@myscu.edu,DATA215,A,98
david.walker@myscu.edu,DATA204,F,0
david.walker@myscu.edu,DATA219,B,81
matthew.chapman@myscu.edu,DATA216,D,69
matthew.chapman@myscu.edu,DATA213,C,71
matthew.chapman@myscu.edu,DATA218,F,52
jerry.robinson@myscu.edu,DATA215,F,31
jerry.robinson@myscu.edu,DATA206,F,1
jerry.robinson@myscu.edu,DATA205,F,19
jerry.robinson@myscu.edu,DATA203,F,14
chad.welch@myscu.edu,DATA212,F,11
chad.welch@myscu.edu,DATA213,F,49
chad.welch@myscu.edu,DATA208,F,50
jeremy.whitehead@myscu.edu,DATA218,F,56
jeremy.whitehead@myscu.edu,DATA206,F,28
michele.jones@myscu.edu,DATA219,C,78
michele.jones@myscu.edu,DATA218,F,0
michele.jones@myscu.edu,DATA211,F,36
john.caldwell@myscu.edu,DATA219,B,86
jason.anderson@myscu.edu,DATA219,F,42
jason.anderson@myscu.edu,DATA215,F,58
jason.anderson@myscu.edu,DATA206,F,42
jason.anderson@myscu.edu,DATA207,A,96
selena.duncan@myscu.edu,DATA218,C,72
thomas.mueller@myscu.edu,DATA204,F,57
thomas.mueller@myscu.edu,DATA215,F,41
thomas.mueller@myscu.edu,DATA207,C,72
lindsey.lee@myscu.edu,DATA215,F,23
lindsey.lee@myscu.edu,DATA207,F,21
lindsey.lee@myscu.edu,DATA213,C,75
collin.jordan@myscu.edu,DATA202,A,98
collin.jordan@myscu.edu,DATA203,F,54
collin.jordan@myscu.edu,DATA204,F,39
rodney.owens@myscu.edu,DATA202,F,21
rodney.owens@myscu.edu,DATA213,F,50
jessica.nunez@myscu.edu,DATA215,F,5
tracey.garcia@myscu.edu,DATA214,F,30
richard.morgan@myscu.edu,DATA202,B,85
richard.morgan@myscu.edu,DATA203,F,22
michelle.wright@myscu.edu,DATA216,F,1
michelle.wright@myscu.edu,DATA214,B,88
michelle.wright@myscu.edu,DATA204,F,18
michelle.wright@myscu.edu,DATA207,F,58
michelle.wright@myscu.edu,DATA206,F,47
james.west@myscu.edu,DATA219,F,45
james.west@myscu.edu,DATA211,D,66
robert.ramirez@myscu.edu,DATA202,F,23
john.leblanc@myscu.edu,DATA208,F,9
scott.callahan@myscu.edu,DATA208,F,32
scott.callahan@myscu.edu,DATA218,F,59
andrea.williams@myscu.edu,DATA208,F,3
andrea.williams@myscu.edu,DATA203,A,98
andrea.williams@myscu.edu,DATA214,D,68
yvette.huff@myscu.edu,DATA209,D,60
yvette.huff@myscu.edu,DATA202,B,88
tanya.house@myscu.edu,DATA219,D,67
tanya.house@myscu.edu,DATA207,D,65
tanya.house@myscu.edu,DATA203,B,82
melinda.martin@myscu.edu,DATA216,C,70
todd.lewis@myscu.edu,DATA207,C,74
todd.lewis@myscu.edu,DATA219,A,95
nicholas.galloway@myscu.edu,DATA208,C,70
nicholas.galloway@myscu.edu,DATA205,A,98
joseph.bowers@myscu.edu,DATA207,C,70
spencer.henderson@myscu.edu,DATA218,D,64
spencer.henderson@myscu.edu,DATA206,B,82
spencer.henderson@myscu.edu,DATA213,A,93
susan.cowan@myscu.edu,DATA206,A,93
angela.higgins@myscu.edu,DATA211,A,96
eric.phillips@myscu.edu,DATA209,A,91
eric.phillips@myscu.edu,DATA218,D,60
eric.phillips@myscu.edu,DATA207,B,83
eric.phillips@myscu.edu,DATA208,A,96
tanya.riley@myscu.edu,DATA206,B,87
tanya.riley@myscu.edu,DATA211,D,66
tanya.riley@myscu.edu,DATA219,D,67
tanya.riley@myscu.edu,DATA214,A,92
amy.adkins@myscu.edu,DATA205,C,73
amy.adkins@myscu.edu,DATA203,B,83
amy.adkins@myscu.edu,DATA218,B,81
brian.silva@myscu.edu,DATA216,A,95
brian.silva@myscu.edu,DATA206,A,95
brian.silva@myscu.edu,DATA205,D,65
wesley.farrell@myscu.edu,DATA213,A,97
wesley.farrell@myscu.edu,DATA207,B,80
eric.yu@myscu.edu,DATA208,A,96
christopher.lopez@myscu.edu,DATA208,B,89
christopher.lopez@myscu.edu,DATA206,A,90
brooke.leonard@myscu.edu,DATA219,C,70
brooke.leonard@myscu.edu,DATA206,D,66
joe.wilson@myscu.edu,DATA213,B,84
joe.wilson@myscu.edu,DATA209,A,95
pamela.sanchez@myscu.edu,DATA206,A,93
pamela.sanchez@myscu.edu,DATA214,D,63
pamela.sanchez@myscu.edu,DATA207,B,81
brooke.harvey@myscu.edu,DATA219,C,75
brooke.harvey@myscu.edu,DATA204,A,90
brooke.harvey@myscu.edu,DATA203,A,98
brooke.harvey@myscu.edu,DATA206,C,73
robert.silva@myscu.edu,DATA204,D,64
robert.silva@myscu.edu,DATA209,A,95
robert.silva@myscu.edu,DATA213,B,84
alexandra.donovan@myscu.edu,DATA209,A,98
alexandra.donovan@myscu.edu,DATA202,D,69
james.moran@myscu.edu,DATA206,A,92
james.moran@myscu.edu,DATA215,A,97
john.foster@myscu.edu,DATA211,A,90
john.foster@myscu.edu,DATA205,A,92
leslie.walton@myscu.edu,DATA205,C,79
leslie.walton@myscu.edu,DATA213,D,63
leslie.walton@myscu.edu,DATA203,D,66
leslie.walton@myscu.edu,DATA202,A,92
charles.ellis@myscu.edu,DATA206,C,70
yolanda.ferrell@myscu.edu,DATA206,A,90
charles.lewis@myscu.edu,DATA214,C,70
charles.lewis@myscu.edu,DATA213,D,60
joseph.mahoney@myscu.edu,DATA218,D,63
nicole.suarez@myscu.edu,DATA216,C,71
nicole.suarez@myscu.edu,DATA207,A,95
nicole.suarez@myscu.edu,DATA205,C,73
nicole.suarez@myscu.edu,DATA208,A,99
mike.moore@myscu.edu,DATA205,C,78
mike.moore@myscu.edu,DATA216,D,68
mike.moore@myscu.edu,DATA214,C,74
martha.warner@myscu.edu,DATA203,D,68
martha.warner@myscu.edu,DATA219,D,69
cheryl.archer@myscu.edu,DATA209,D,63
cheryl.archer@myscu.edu,DATA218,C,76
cheryl.archer@myscu.edu,DATA206,D,65
cheryl.archer@myscu.edu,DATA214,C,77
cheryl.archer@myscu.edu,DATA213,C,77
destiny.smith@myscu.edu,DATA207,A,91
destiny.smith@myscu.edu,DATA219,C,77
lisa.evans@myscu.edu,DATA206,C,73
lisa.evans@myscu.edu,DATA208,D,68
lisa.evans@myscu.edu,DATA219,D,67
elizabeth.mcmillan@myscu.edu,DATA219,D,64
elizabeth.mcmillan@myscu.edu,DATA206,B,86
elizabeth.mcmillan@myscu.edu,DATA212,A,96
dennis.wilson@myscu.edu,DATA212,C,72
daniel.tran@myscu.edu,DATA205,D,68
daniel.tran@myscu.edu,DATA202,A,100
daniel.tran@myscu.edu,DATA218,D,60
daniel.tran@myscu.edu,DATA203,D,68
joseph.jacobs@myscu.edu,DATA215,D,62
jennifer.harris@myscu.edu,DATA211,C,73
cynthia.baker@myscu.edu,DATA207,C,77
tracy.whitehead@myscu.edu,DATA212,D,69
tracy.whitehead@myscu.edu,DATA215,C,74
tracy.whitehead@myscu.edu,DATA204,D,68
meghan.davis@myscu.edu,DATA215,B,88
meghan.davis@myscu.edu,DATA205,A,91
meghan.davis@myscu.edu,DATA207,D,68
meghan.davis@myscu.edu,DATA204,D,66
rodney.hill@myscu.edu,DATA208,C,75
adam.wise@myscu.edu,DATA218,C,72
adam.wise@myscu.edu,DATA219,D,62
adam.wise@myscu.edu,DATA202,A,92
adam.wise@myscu.edu,DATA207,D,65
dana.green@myscu.edu,DATA214,B,86
dana.green@myscu.edu,DATA202,D,63
dana.green@myscu.edu,DATA216,C,76
joyce.arnold@myscu.edu,DATA202,C,72
joyce.arnold@myscu.edu,DATA208,D,60
joyce.arnold@myscu.edu,DATA218,D,63
ronald.smith@myscu.edu,DATA204,C,74
ronald.smith@myscu.edu,DATA205,B,88
ronald.smith@myscu.edu,DATA213,B,89
charles.ware@myscu.edu,DATA204,B,82
charles.ware@myscu.edu,DATA206,B,85
charles.ware@myscu.edu,DATA207,A,97
rebecca.gardner@myscu.edu,DATA208,D,66
mary.aguilar@myscu.edu,DATA219,A,99
mary.aguilar@myscu.edu,DATA204,A,94
mary.aguilar@myscu.edu,DATA214,C,74
mary.aguilar@myscu.edu,DATA202,D,68
mary.aguilar@myscu.edu,DATA213,D,64
earl.anderson@myscu.edu,DATA202,D,61
earl.anderson@myscu.edu,DATA214,A,98
earl.anderson@myscu.edu,DATA205,D,65
kyle.nolan@myscu.edu,DATA208,B,86
laura.valencia@myscu.edu,DATA203,C,79
rachel.clark@myscu.edu,DATA212,B,84
kimberly.henson@myscu.edu,DATA212,D,62
eric.spears@myscu.edu,DATA202,A,97
michelle.cherry@myscu.edu,DATA206,A,93
michelle.cherry@myscu.edu,DATA205,C,73
michelle.cherry@myscu.edu,DATA218,D,67
lisa.keith@myscu.edu,DATA208,D,61
angel.doyle@myscu.edu,DATA215,C,76
martin.galvan@myscu.edu,DATA214,C,75
martin.galvan@myscu.edu,DATA215,A,94
lisa.adams@myscu.edu,DATA218,D,64
lisa.adams@myscu.edu,DATA211,B,84
kristin.rodriguez@myscu.edu,DATA208,C,70
kristin.rodriguez@myscu.edu,DATA204,A,96
kristin.rodriguez@myscu.edu,DATA211,D,65
monica.garrison@myscu.edu,DATA216,D,67
monica.garrison@myscu.edu,DATA203,B,86
monica.garrison@myscu.edu,DATA209,A,91
jeffrey.velasquez@myscu.edu,DATA218,D,60
jeffrey.velasquez@myscu.edu,DATA208,A,92
jeffrey.velasquez@myscu.edu,DATA205,D,63
steven.torres@myscu.edu,DATA213,B,83
laura.perez@myscu.edu,DATA206,B,85
laura.perez@myscu.edu,DATA204,A,95
laura.perez@myscu.edu,DATA218,B,83
laura.perez@myscu.edu,DATA215,B,85
andrew.lee@myscu.edu,DATA208,B,89
andrew.lee@myscu.edu,DATA215,D,62
andrew.lee@myscu.edu,DATA216,B,84
tammy.ramirez@myscu.edu,DATA213,B,85
tammy.ramirez@myscu.edu,DATA205,D,69
darlene.ross@myscu.edu,DATA215,D,65
darlene.ross@myscu.edu,DATA216,A,96
tina.herrera@myscu.edu,DATA219,B,85
tina.herrera@myscu.edu,DATA212,B,83
tina.herrera@myscu.edu,DATA215,B,83
sheila.wilson@myscu.edu,DATA203,D,63
tara.white@myscu.edu,DATA215,C,79
tara.white@myscu.edu,DATA213,A,97
tara.white@myscu.edu,DATA214,C,78
sydney.baker@myscu.edu,DATA213,D,62
sydney.baker@myscu.edu,DATA208,B,85
sydney.baker@myscu.edu,DATA207,C,72
daniel.hamilton@myscu.edu,DATA212,C,79
daniel.hamilton@myscu.edu,DATA211,A,98
daniel.hamilton@myscu.edu,DATA202,C,74
jessica.edwards@myscu.edu,DATA216,B,86
jessica.edwards@myscu.edu,DATA208,B,82
catherine.dixon@myscu.edu,DATA203,D,60
catherine.dixon@myscu.edu,DATA204,C,79
catherine.dixon@myscu.edu,DATA212,A,98
catherine.dixon@myscu.edu,DATA218,B,84
paul.ray@myscu.edu,DATA204,C,70
paul.ray@myscu.edu,DATA213,B,89
jonathan.fletcher@myscu.edu,DATA205,C,72
jonathan.fletcher@myscu.edu,DATA208,D,68
aaron.frost@myscu.edu,DATA203,C,70
aaron.frost@myscu.edu,DATA207,B,84
aaron.frost@myscu.edu,DATA211,B,87
amanda.ball@myscu.edu,DATA211,D,65
amanda.ball@myscu.edu,DATA209,C,78
amanda.ball@myscu.edu,DATA205,D,69
judy.lambert@myscu.edu,DATA212,C,73
judy.lambert@myscu.edu,DATA218,D,68
michael.jones@myscu.edu,DATA213,A,95
michael.jones@myscu.edu,DATA206,B,80
elizabeth.rivera@myscu.edu,DATA202,C,77
elizabeth.rivera@myscu.edu,DATA213,D,69
lee.charles@myscu.edu,DATA208,D,66
lee.charles@myscu.edu,DATA219,A,92
lee.charles@myscu.edu,DATA211,D,62
jennifer.evans@myscu.edu,DATA203,A,94
kyle.ortiz@myscu.edu,DATA216,A,98
kyle.ortiz@myscu.edu,DATA205,A,99
kyle.ortiz@myscu.edu,DATA204,D,66
kyle.ortiz@myscu.edu,DATA202,A,99
david.fisher@myscu.edu,DATA208,D,69
david.fisher@myscu.edu,DATA203,C,75
shelby.byrd@myscu.edu,DATA204,C,79
shelby.byrd@myscu.edu,DATA208,D,65
shelby.byrd@myscu.edu,DATA216,A,98
shelby.byrd@myscu.edu,DATA203,A,96
raven.gilbert@myscu.edu,DATA203,B,84
raven.gilbert@myscu.edu,DATA216,C,76
raven.gilbert@myscu.edu,DATA208,C,72
kevin.kelley@myscu.edu,DATA213,B,81
aaron.mitchell@myscu.edu,DATA206,D,68
aaron.mitchell@myscu.edu,DATA215,C,78
aaron.mitchell@myscu.edu,DATA207,B,89
aaron.mitchell@myscu.edu,DATA216,C,71
russell.carpenter@myscu.edu,DATA212,D,63
diana.marshall@myscu.edu,DATA218,B,83
diana.marshall@myscu.edu,DATA216,A,94
thomas.santana@myscu.edu,DATA208,C,75
thomas.santana@myscu.edu,DATA207,C,76
thomas.santana@myscu.edu,DATA204,C,72
laura.jackson@myscu.edu,DATA203,D,62
christopher.robertson@myscu.edu,DATA212,D,64
cynthia.rogers@myscu.edu,DATA219,D,65
cynthia.rogers@myscu.edu,DATA209,B,83
cynthia.rogers@myscu.edu,DATA205,A,93
cynthia.rogers@myscu.edu,DATA216,A,91
loretta.potter@myscu.edu,DATA208,B,85
loretta.potter@myscu.edu,DATA209,D,61
loretta.potter@myscu.edu,DATA205,B,83
emily.walker@myscu.edu,DATA209,B,83
emily.walker@myscu.edu,DATA213,B,89
james.johnson@myscu.edu,DATA213,B,84
james.johnson@myscu.edu,DATA211,A,96
john.alvarez@myscu.edu,DATA207,C,77
john.alvarez@myscu.edu,DATA213,A,91
john.alvarez@myscu.edu,DATA206,B,81
john.alvarez@myscu.edu,DATA203,B,89
john.alvarez@myscu.edu,DATA209,B,85
melissa.jones@myscu.edu,DATA207,A,97
melissa.jones@myscu.edu,DATA202,C,77
melissa.jones@myscu.edu,DATA214,A,100
robert.soto@myscu.edu,DATA207,B,81
james.horton@myscu.edu,DATA219,C,72
james.horton@myscu.edu,DATA209,B,83
james.horton@myscu.edu,DATA212,C,75
james.horton@myscu.edu,DATA205,B,87
troy.sanchez@myscu.edu,DATA219,B,83
troy.sanchez@myscu.edu,DATA211,A,96
troy.sanchez@myscu.edu,DATA209,A,90
diana.smith@myscu.edu,DATA218,C,77
karen.carrillo@myscu.edu,DATA208,B,85
karen.carrillo@myscu.edu,DATA212,B,84
daniel.coleman@myscu.edu,DATA211,A,92
gregory.rubio@myscu.edu,DATA211,B,84
gregory.rubio@myscu.edu,DATA205,B,87
april.williams@myscu.edu,DATA207,C,73
april.williams@myscu.edu,DATA206,C,77
john.charles@myscu.edu,DATA204,D,65
stephen.solis@myscu.edu,DATA212,B,81
stephen.solis@myscu.edu,DATA209,C,78
stephen.solis@myscu.edu,DATA213,B,83
elizabeth.travis@myscu.edu,DATA209,A,94
elizabeth.travis@myscu.edu,DATA216,D,60
caitlin.dodson@myscu.edu,DATA218,A,96
caitlin.dodson@myscu.edu,DATA216,B,81
caitlin.dodson@myscu.edu,DATA219,A,99
caitlin.dodson@myscu.edu,DATA207,A,92
jennifer.wagner@myscu.edu,DATA207,B,81
maria.kelley@myscu.edu,DATA205,B,85
maria.kelley@myscu.edu,DATA216,A,98
maria.kelley@myscu.edu,DATA208,D,69
phyllis.manning@myscu.edu,DATA212,B,83
phyllis.manning@myscu.edu,DATA214,A,96
thomas.green@myscu.edu,DATA206,B,84
thomas.green@myscu.edu,DATA219,B,88
thomas.green@myscu.edu,DATA209,C,71
katie.boyd@myscu.edu,DATA219,C,75
katie.boyd@myscu.edu,DATA207,D,60
katie.boyd@myscu.edu,DATA206,B,89
courtney.hill@myscu.edu,DATA206,D,68
chris.mitchell@myscu.edu,DATA205,C,75
chris.mitchell@myscu.edu,DATA206,B,83
chris.mitchell@myscu.edu,DATA216,A,97
joseph.flores@myscu.edu,DATA202,D,67
joseph.flores@myscu.edu,DATA218,C,77
amber.taylor@myscu.edu,DATA218,B,84
jesse.benson@myscu.edu,DATA219,D,67
jesse.benson@myscu.edu,DATA207,C,78
jesse.benson@myscu.edu,DATA204,D,63
jesse.benson@myscu.edu,DATA203,C,76
jasmine.brown@myscu.edu,DATA208,A,94
rick.daniels@myscu.edu,DATA215,A,97
robert.clark@myscu.edu,DATA203,C,72
robert.clark@myscu.edu,DATA214,C,75
robert.clark@myscu.edu,DATA216,C,70
robert.clark@myscu.edu,DATA219,B,86
robert.stein@myscu.edu,DATA203,D,67
robert.stein@myscu.edu,DATA206,B,80
robert.stein@myscu.edu,DATA207,C,79
robert.stein@myscu.edu,DATA202,C,73
brandy.dominguez@myscu.edu,DATA207,D,63
brandy.dominguez@myscu.edu,DATA215,B,88
melissa.cannon@myscu.edu,DATA213,A,96
melissa.cannon@myscu.edu,DATA204,B,86
omar.smith@myscu.edu,DATA207,C,74
michael.molina@myscu.edu,DATA207,D,66
michael.molina@myscu.edu,DATA202,D,61
michael.molina@myscu.edu,DATA218,A,94
melissa.ashley@myscu.edu,DATA214,D,67
melissa.ashley@myscu.edu,DATA216,A,91
melissa.ashley@myscu.edu,DATA215,A,93
melissa.ashley@myscu.edu,DATA212,C,70
robert.adkins@myscu.edu,DATA219,D,69
amy.morrison@myscu.edu,DATA205,D,67
amy.morrison@myscu.edu,DATA216,D,65
amy.morrison@myscu.edu,DATA213,B,83
jeffrey.robinson@myscu.edu,DATA205,B,88
jeffrey.robinson@myscu.edu,DATA219,A,95
jeffrey.robinson@myscu.edu,DATA206,C,77
ryan.johnson@myscu.edu,DATA207,B,80
matthew.shelton@myscu.edu,DATA208,C,70
richard.martin@myscu.edu,DATA203,C,73
richard.martin@myscu.edu,DATA213,C,77
richard.martin@myscu.edu,DATA219,C,71
tanner.anderson@myscu.edu,DATA204,A,92
tanner.anderson@myscu.edu,DATA216,B,89
tanner.anderson@myscu.edu,DATA207,C,76
cindy.johnson@myscu.edu,DATA207,C,77
cindy.johnson@myscu.edu,DATA215,D,63
cindy.johnson@myscu.edu,DATA218,D,67
phillip.elliott@myscu.edu,DATA209,A,91
phillip.elliott@myscu.edu,DATA203,C,72
anthony.day@myscu.edu,DATA213,C,70
anthony.day@myscu.edu,DATA206,A,93
anthony.day@myscu.edu,DATA212,B,86
derek.murray@myscu.edu,DATA218,B,81
derek.murray@myscu.edu,DATA219,D,69
derek.murray@myscu.edu,DATA211,C,74
brent.gray@myscu.edu,DATA219,B,88
jason.murphy@myscu.edu,DATA212,B,88
kathleen.gray@myscu.edu,DATA214,D,68
kathleen.gray@myscu.edu,DATA219,A,96
kathleen.gray@myscu.edu,DATA202,B,87
karen.decker@myscu.edu,DATA206,B,85
johnny.miller@myscu.edu,DATA207,B,80
johnny.miller@myscu.edu,DATA218,B,86
johnny.miller@myscu.edu,DATA209,C,72
johnny.miller@myscu.edu,DATA203,C,72
johnny.miller@myscu.edu,DATA219,B,89
andrew.ryan@myscu.edu,DATA203,D,60
andrew.ryan@myscu.edu,DATA207,D,67
zoe.bell@myscu.edu,DATA202,C,77
zoe.bell@myscu.edu,DATA216,D,63
zoe.bell@myscu.edu,DATA215,D,62
debra.harrington@myscu.edu,DATA213,B,82
denise.webster@myscu.edu,DATA214,D,69
denise.webster@myscu.edu,DATA204,B,88
denise.webster@myscu.edu,DATA213,A,94
denise.webster@myscu.edu,DATA206,D,64
denise.webster@myscu.edu,DATA205,D,61
stefanie.gonzalez@myscu.edu,DATA214,B,83
stefanie.gonzalez@myscu.edu,DATA206,B,80
andrew.hernandez@myscu.edu,DATA204,A,93
andrew.hernandez@myscu.edu,DATA219,D,62
andrew.hernandez@myscu.edu,DATA216,D,62
andrew.hernandez@myscu.edu,DATA202,D,61
david.caldwell@myscu.edu,DATA212,D,69
david.caldwell@myscu.edu,DATA214,A,90
anne.robinson@myscu.edu,DATA219,C,71
holly.wang@myscu.edu,DATA212,D,64
holly.wang@myscu.edu,DATA202,C,79
holly.wang@myscu.edu,DATA219,C,71
holly.wang@myscu.edu,DATA208,B,80
julie.wilson@myscu.edu,DATA204,D,67
julie.wilson@myscu.edu,DATA216,B,87
lori.oconnell@myscu.edu,DATA208,D,61
lori.oconnell@myscu.edu,DATA213,A,98
lori.oconnell@myscu.edu,DATA211,C,74
daniel.johnson@myscu.edu,DATA206,D,67
daniel.johnson@myscu.edu,DATA207,C,73
daniel.johnson@myscu.edu,DATA215,B,85
larry.byrd@myscu.edu,DATA215,A,93
larry.byrd@myscu.edu,DATA213,A,100
larry.byrd@myscu.edu,DATA219,D,65
susan.sanders@myscu.edu,DATA213,C,70
susan.sanders@myscu.edu,DATA203,D,62
susan.sanders@myscu.edu,DATA219,C,72
susan.sanders@myscu.edu,DATA204,D,67
jennifer.jones@myscu.edu,DATA216,C,72
melissa.burke@myscu.edu,DATA206,D,69
melissa.burke@myscu.edu,DATA211,A,93
melissa.burke@myscu.edu,DATA212,B,85
david.riggs@myscu.edu,DATA215,D,61
david.riggs@myscu.edu,DATA202,A,98
david.riggs@myscu.edu,DATA212,A,96
david.riggs@myscu.edu,DATA204,A,100
kimberly.reed@myscu.edu,DATA216,A,91
kimberly.reed@myscu.edu,DATA202,C,75
kimberly.reed@myscu.edu,DATA206,D,68
ross.wood@myscu.edu,DATA219,B,83
william.peterson@myscu.edu,DATA212,A,99
william.peterson@myscu.edu,DATA206,B,82
melissa.short@myscu.edu,DATA214,C,73
melissa.short@myscu.edu,DATA211,D,69
daniel.yu@myscu.edu,DATA219,C,70
cynthia.poole@myscu.edu,DATA206,D,69
cynthia.poole@myscu.edu,DATA216,A,100
cynthia.poole@myscu.edu,DATA205,C,74
jasmine.graham@myscu.edu,DATA211,A,99
jasmine.graham@myscu.edu,DATA218,C,72
jasmine.graham@myscu.edu,DATA203,A,93
jasmine.graham@myscu.edu,DATA215,A,98
jessica.sheppard@myscu.edu,DATA204,A,98
jessica.sheppard@myscu.edu,DATA213,C,71
joseph.morton@myscu.edu,DATA202,C,78
joseph.morton@myscu.edu,DATA206,B,83
joseph.morton@myscu.edu,DATA216,A,90
joseph.morton@myscu.edu,DATA208,C,74
joseph.morton@myscu.edu,DATA209,B,82
amanda.webb@myscu.edu,DATA219,C,74
ryan.simon@myscu.edu,DATA212,D,68
joseph.christian@myscu.edu,DATA205,C,74
joseph.christian@myscu.edu,DATA209,B,87
mariah.miller@myscu.edu,DATA212,B,87
mariah.miller@myscu.edu,DATA216,A,92
mariah.miller@myscu.edu,DATA214,B,82
mariah.miller@myscu.edu,DATA206,D,62
nicole.sanchez@myscu.edu,DATA206,A,90
nicole.sanchez@myscu.edu,DATA209,B,85
nicole.sanchez@myscu.edu,DATA207,D,65
steven.bishop@myscu.edu,DATA206,D,63
steven.bishop@myscu.edu,DATA216,B,89
steven.bishop@myscu.edu,DATA204,D,62
nicholas.johnson@myscu.edu,DATA206,B,84
nicholas.johnson@myscu.edu,DATA207,A,98
melissa.white@myscu.edu,DATA211,A,91
melissa.white@myscu.edu,DATA219,D,67
melissa.white@myscu.edu,DATA203,A,92
jason.salinas@myscu.edu,DATA212,C,70
matthew.beard@myscu.edu,DATA208,C,72
jacqueline.hill@myscu.edu,DATA207,B,84
jacqueline.hill@myscu.edu,DATA214,D,62
alejandro.vaughan@myscu.edu,DATA209,D,60
alejandro.vaughan@myscu.edu,DATA216,D,67
alejandro.vaughan@myscu.edu,DATA211,D,69
alejandro.vaughan@myscu.edu,DATA202,B,85
christopher.cortez@myscu.edu,DATA207,D,66
christopher.cortez@myscu.edu,DATA209,B,82
christopher.cortez@myscu.edu,DATA218,A,95
tracy.chang@myscu.edu,DATA212,C,74
hannah.brewer@myscu.edu,DATA219,A,95
hannah.brewer@myscu.edu,DATA208,A,100
hannah.brewer@myscu.edu,DATA218,C,71
hannah.brewer@myscu.edu,DATA205,D,65
travis.mcguire@myscu.edu,DATA215,A,91
travis.mcguire@myscu.edu,DATA219,A,100
travis.mcguire@myscu.edu,DATA218,B,87
travis.mcguire@myscu.edu,DATA213,C,76
christopher.walker@myscu.edu,DATA218,C,76
christopher.walker@myscu.edu,DATA212,B,85
christopher.walker@myscu.edu,DATA209,A,90
christopher.walker@myscu.edu,DATA214,C,72
heather.torres@myscu.edu,DATA218,B,80
bonnie.kennedy@myscu.edu,DATA207,B,88
bonnie.kennedy@myscu.edu,DATA209,C,76
bonnie.kennedy@myscu.edu,DATA204,D,68
bonnie.kennedy@myscu.edu,DATA211,C,73
alyssa.coleman@myscu.edu,DATA202,C,73
alyssa.coleman@myscu.edu,DATA212,D,69
alyssa.coleman@myscu.edu,DATA218,D,69
alyssa.coleman@myscu.edu,DATA207,C,70
alyssa.coleman@myscu.edu,DATA204,A,92
julie.rivera@myscu.edu,DATA214,D,61
julie.rivera@myscu.edu,DATA218,A,100
julie.rivera@myscu.edu,DATA203,D,66
jacqueline.nelson@myscu.edu,DATA216,C,78
john.martinez@myscu.edu,DATA212,C,76
john.martinez@myscu.edu,DATA218,D,69
john.martinez@myscu.edu,DATA206,B,82
james.wilson@myscu.edu,DATA218,A,95
james.wilson@myscu.edu,DATA206,A,96
amanda.gill@myscu.edu,DATA211,D,69
jacob.robinson@myscu.edu,DATA211,A,100
jacob.robinson@myscu.edu,DATA207,C,71
todd.hardy@myscu.edu,DATA212,C,71
todd.hardy@myscu.edu,DATA204,B,82
todd.hardy@myscu.edu,DATA213,B,85
tiffany.warren@myscu.edu,DATA218,B,84
justin.garcia@myscu.edu,DATA215,B,81
justin.garcia@myscu.edu,DATA219,C,73
james.perez@myscu.edu,DATA213,B,84
james.perez@myscu.edu,DATA204,C,75
james.perez@myscu.edu,DATA212,A,100
james.perez@myscu.edu,DATA203,A,90
harry.smith@myscu.edu,DATA214,C,75
harry.smith@myscu.edu,DATA213,D,64
amanda.hill@myscu.edu,DATA213,A,94
amanda.hill@myscu.edu,DATA206,D,63
terri.tran@myscu.edu,DATA202,C,77
terri.tran@myscu.edu,DATA207,A,91
heidi.martinez@myscu.edu,DATA213,C,77
heidi.martinez@myscu.edu,DATA219,D,66
heidi.martinez@myscu.edu,DATA207,C,75
heidi.martinez@myscu.edu,DATA211,A,91
miranda.henry@myscu.edu,DATA208,B,80
miranda.henry@myscu.edu,DATA216,C,74
monique.andrews@myscu.edu,DATA211,A,95
taylor.alexander@myscu.edu,DATA207,D,67
jack.williams@myscu.edu,DATA208,A,95
jack.williams@myscu.edu,DATA211,D,69
shelley.woods@myscu.edu,DATA211,D,60
shelley.woods@myscu.edu,DATA203,D,64
shelley.woods@myscu.edu,DATA204,C,74
shelley.woods@myscu.edu,DATA213,B,84
lynn.morales@myscu.edu,DATA208,C,71
charles.soto@myscu.edu,DATA215,A,92
charles.soto@myscu.edu,DATA212,C,78
brian.hernandez@myscu.edu,DATA205,B,85
brian.hernandez@myscu.edu,DATA211,C,74
brian.hernandez@myscu.edu,DATA204,A,90
brian.hernandez@myscu.edu,DATA213,B,83
anna.torres@myscu.edu,DATA205,B,84
anna.torres@myscu.edu,DATA202,D,64
victoria.wilson@myscu.edu,DATA207,C,77
victoria.wilson@myscu.edu,DATA218,A,90
victoria.wilson@myscu.edu,DATA212,D,62
victoria.wilson@myscu.edu,DATA211,B,83
kathy.obrien@myscu.edu,DATA218,B,80
kathy.obrien@myscu.edu,DATA202,C,76
kathy.obrien@myscu.edu,DATA206,A,96
krystal.perez@myscu.edu,DATA216,C,71
krystal.perez@myscu.edu,DATA215,A,100
krystal.perez@myscu.edu,DATA213,D,64
krystal.perez@myscu.edu,DATA203,B,83
krystal.perez@myscu.edu,DATA204,D,65
alexandra.hayes@myscu.edu,DATA219,B,87
alexandra.hayes@myscu.edu,DATA216,C,77
scott.dalton@myscu.edu,DATA216,D,64
scott.dalton@myscu.edu,DATA218,D,64
veronica.torres@myscu.edu,DATA206,B,81
christine.lynch@myscu.edu,DATA206,B,87
christine.lynch@myscu.edu,DATA208,C,77
jody.meza@myscu.edu,DATA212,D,61
jody.meza@myscu.edu,DATA204,D,65
jody.meza@myscu.edu,DATA207,A,96
jared.clark@myscu.edu,DATA211,B,84
jared.clark@myscu.edu,DATA209,A,97
jared.clark@myscu.edu,DATA216,C,73
jared.clark@myscu.edu,DATA208,A,97
glenn.jones@myscu.edu,DATA207,A,95
glenn.jones@myscu.edu,DATA215,A,91
aaron.hayes@myscu.edu,DATA202,B,82
brittney.carter@myscu.edu,DATA205,D,63
jesse.mann@myscu.edu,DATA202,A,90
jesse.mann@myscu.edu,DATA213,D,60
jesse.mann@myscu.edu,DATA212,D,68
jesse.mann@myscu.edu,DATA218,D,61
jacqueline.gibson@myscu.edu,DATA219,C,76
kristin.weber@myscu.edu,DATA216,C,70
kristin.weber@myscu.edu,DATA206,D,60
kristin.weber@myscu.edu,DATA202,D,64
donna.peck@myscu.edu,DATA208,A,99
ronald.stephens@myscu.edu,DATA202,A,91
ronald.stephens@myscu.edu,DATA219,D,66
deborah.kerr@myscu.edu,DATA216,D,68
margaret.jones@myscu.edu,DATA208,C,79
gabriel.parker@myscu.edu,DATA214,D,64
gabriel.parker@myscu.edu,DATA216,C,72
gabriel.parker@myscu.edu,DATA208,C,75
kaitlyn.carroll@myscu.edu,DATA204,B,87
keith.martinez@myscu.edu,DATA209,A,99
keith.martinez@myscu.edu,DATA219,B,85
keith.martinez@myscu.edu,DATA202,B,89
haley.lyons@myscu.edu,DATA204,A,94
haley.lyons@myscu.edu,DATA214,B,89
sherri.mason@myscu.edu,DATA213,B,85
sherri.mason@myscu.edu,DATA205,D,62
sherri.mason@myscu.edu,DATA216,A,96
sherri.mason@myscu.edu,DATA206,A,93
troy.miller@myscu.edu,DATA208,A,90
troy.miller@myscu.edu,DATA214,C,73
troy.miller@myscu.edu,DATA213,D,64
troy.miller@myscu.edu,DATA204,C,70
bill.reynolds@myscu.edu,DATA205,A,91
bill.reynolds@myscu.edu,DATA207,A,90
bill.reynolds@myscu.edu,DATA208,C,74
marcus.wright@myscu.edu,DATA207,D,65
marcus.wright@myscu.edu,DATA215,C,71
christopher.hayden@myscu.edu,DATA213,D,68
christopher.hayden@myscu.edu,DATA214,B,88
christopher.hayden@myscu.edu,DATA209,B,84
christopher.hayden@myscu.edu,DATA212,D,61
mary.johnston@myscu.edu,DATA209,B,89
stephanie.key@myscu.edu,DATA205,A,96
stephanie.key@myscu.edu,DATA204,A,93
stephanie.key@myscu.edu,DATA212,A,94
stephanie.key@myscu.edu,DATA213,A,99
emily.adams@myscu.edu,DATA216,A,90
emily.adams@myscu.edu,DATA219,A,94
billy.avila@myscu.edu,DATA202,B,86
billy.avila@myscu.edu,DATA211,B,82
thomas.pearson@myscu.edu,DATA207,C,75
sabrina.white@myscu.edu,DATA202,A,100
sabrina.white@myscu.edu,DATA215,C,73
sabrina.white@myscu.edu,DATA218,A,100
sabrina.white@myscu.edu,DATA212,A,96
brenda.walters@myscu.edu,DATA219,C,79
travis.davis@myscu.edu,DATA218,D,67
michael.cook@myscu.edu,DATA218,A,98
michael.cook@myscu.edu,DATA202,D,65
michael.cook@myscu.edu,DATA208,A,100
michael.cook@myscu.edu,DATA212,B,81
elizabeth.hodge@myscu.edu,DATA205,C,79
elizabeth.hodge@myscu.edu,DATA208,D,61
elizabeth.hodge@myscu.edu,DATA202,A,92
elizabeth.hodge@myscu.edu,DATA206,A,97
mark.steele@myscu.edu,DATA209,A,100
mark.steele@myscu.edu,DATA206,B,81
keith.landry@myscu.edu,DATA207,C,74
keith.landry@myscu.edu,DATA202,D,67
keith.landry@myscu.edu,DATA204,D,69
lisa.pierce@myscu.edu,DATA215,D,62
lisa.pierce@myscu.edu,DATA211,C,70
lisa.pierce@myscu.edu,DATA205,D,67
shawn.edwards@myscu.edu,DATA213,A,97
shawn.edwards@myscu.edu,DATA211,D,64
marcus.cordova@myscu.edu,DATA205,B,82
marcus.cordova@myscu.edu,DATA203,D,61
marcus.cordova@myscu.edu,DATA214,B,82
richard.robertson@myscu.edu,DATA207,B,84
vanessa.sandoval@myscu.edu,DATA206,C,78
vanessa.sandoval@myscu.edu,DATA205,A,96
amy.gutierrez@myscu.edu,DATA206,A,100
jacob.cox@myscu.edu,DATA219,B,89
katherine.garrett@myscu.edu,DATA202,C,78
katherine.garrett@myscu.edu,DATA205,A,90
katherine.garrett@myscu.edu,DATA212,D,63
katherine.garrett@myscu.edu,DATA203,D,60
kathleen.harris@myscu.edu,DATA202,D,68
kathleen.harris@myscu.edu,DATA213,B,86
andrea.pennington@myscu.edu,DATA203,A,95
andrea.pennington@myscu.edu,DATA216,B,89
samuel.wolfe@myscu.edu,DATA208,B,85
samuel.wolfe@myscu.edu,DATA204,C,79
samuel.wolfe@myscu.edu,DATA214,C,79
david.dudley@myscu.edu,DATA205,A,94
david.dudley@myscu.edu,DATA218,A,91
david.dudley@myscu.edu,DATA211,B,85
chelsea.allen@myscu.edu,DATA203,A,96
chelsea.allen@myscu.edu,DATA206,B,88
chelsea.allen@myscu.edu,DATA218,A,97
eric.pierce@myscu.edu,DATA203,B,88
eric.pierce@myscu.edu,DATA202,C,79
eric.pierce@myscu.edu,DATA209,B,86
andrea.davis@myscu.edu,DATA214,C,72
andrea.davis@myscu.edu,DATA208,B,84
andrea.davis@myscu.edu,DATA218,B,82
steven.wilson@myscu.edu,DATA211,D,62
steven.wilson@myscu.edu,DATA218,C,76
marilyn.jimenez@myscu.edu,DATA205,B,81
marilyn.jimenez@myscu.edu,DATA204,D,61
jennifer.hicks@myscu.edu,DATA204,B,86
jennifer.hicks@myscu.edu,DATA209,C,75
jennifer.hicks@myscu.edu,DATA216,B,82
tina.sanchez@myscu.edu,DATA205,A,90
tina.sanchez@myscu.edu,DATA208,C,72
tina.sanchez@myscu.edu,DATA209,D,62
andrea.reyes@myscu.edu,DATA207,B,84
andrea.reyes@myscu.edu,DATA214,C,77
sandra.romero@myscu.edu,DATA208,B,87
joshua.tyler@myscu.edu,DATA205,C,71
joshua.tyler@myscu.edu,DATA215,B,89
joshua.tyler@myscu.edu,DATA203,D,65
robert.villa@myscu.edu,DATA208,D,67
robert.villa@myscu.edu,DATA214,A,100
william.hoover@myscu.edu,DATA216,A,96
william.hoover@myscu.edu,DATA205,B,82
william.hoover@myscu.edu,DATA218,D,68
brenda.duarte@myscu.edu,DATA216,B,84
tracy.hernandez@myscu.edu,DATA216,C,74
tracy.hernandez@myscu.edu,DATA202,B,80
amanda.reed@myscu.edu,DATA218,D,63
amanda.reed@myscu.edu,DATA205,A,97
andrea.daniels@myscu.edu,DATA212,B,89
stanley.morris@myscu.edu,DATA204,D,60
stanley.morris@myscu.edu,DATA208,C,71
jacob.terry@myscu.edu,DATA205,B,83
jacob.terry@myscu.edu,DATA213,B,82
ashley.hall@myscu.edu,DATA219,C,70
ashley.hall@myscu.edu,DATA214,B,89
ashley.hall@myscu.edu,DATA207,B,86
kimberly.williams@myscu.edu,DATA215,C,73
kimberly.williams@myscu.edu,DATA207,B,87
kimberly.williams@myscu.edu,DATA219,C,75
julie.thornton@myscu.edu,DATA204,D,65
lisa.hughes@myscu.edu,DATA204,B,80
lisa.hughes@myscu.edu,DATA205,A,99
lisa.hughes@myscu.edu,DATA213,A,99
elizabeth.hoover@myscu.edu,DATA207,A,95
tina.simpson@myscu.edu,DATA219,A,96
tina.simpson@myscu.edu,DATA207,B,81
tina.simpson@myscu.edu,DATA218,A,99
benjamin.shaw@myscu.edu,DATA211,B,85
benjamin.shaw@myscu.edu,DATA215,C,78
brittany.kane@myscu.edu,DATA218,B,87
brittany.kane@myscu.edu,DATA212,C,75
brittany.kane@myscu.edu,DATA203,C,79
brittany.kane@myscu.edu,DATA214,B,81
morgan.alexander@myscu.edu,DATA208,C,76
morgan.alexander@myscu.edu,DATA212,C,74
morgan.alexander@myscu.edu,DATA215,C,79
alicia.bryant@myscu.edu,DATA214,C,76
alicia.bryant@myscu.edu,DATA212,D,64
jennifer.ortiz@myscu.edu,DATA207,C,79
jennifer.ortiz@myscu.edu,DATA204,A,99
jennifer.ortiz@myscu.edu,DATA211,B,85
jennifer.ortiz@myscu.edu,DATA218,A,96
diana.moore@myscu.edu,DATA214,A,98
diana.moore@myscu.edu,DATA204,C,75
diana.moore@myscu.edu,DATA202,A,98
terrance.costa@myscu.edu,DATA205,C,75
matthew.schwartz@myscu.edu,DATA203,C,76
matthew.schwartz@myscu.edu,DATA211,C,77
debra.christian@myscu.edu,DATA207,A,97
debra.christian@myscu.edu,DATA205,B,88
debra.christian@myscu.edu,DATA202,C,78
melissa.villarreal@myscu.edu,DATA205,C,74
melissa.villarreal@myscu.edu,DATA211,A,96
norman.stewart@myscu.edu,DATA219,C,76
norman.stewart@myscu.edu,DATA214,D,61
norman.stewart@myscu.edu,DATA203,A,93
norman.stewart@myscu.edu,DATA208,A,95
norman.stewart@myscu.edu,DATA212,C,70
jennifer.malone@myscu.edu,DATA204,C,74
jennifer.malone@myscu.edu,DATA202,D,63
jennifer.malone@myscu.edu,DATA216,A,97
jennifer.malone@myscu.edu,DATA205,B,81
monique.johnson@myscu.edu,DATA202,A,92
casey.welch@myscu.edu,DATA212,B,86
casey.welch@myscu.edu,DATA204,D,68
casey.welch@myscu.edu,DATA214,A,90
samantha.bright@myscu.edu,DATA204,C,73
samantha.bright@myscu.edu,DATA218,A,93
samantha.bright@myscu.edu,DATA208,A,97
julie.hamilton@myscu.edu,DATA213,D,66
corey.schultz@myscu.edu,DATA209,C,75
corey.schultz@myscu.edu,DATA219,C,70
monique.wallace@myscu.edu,DATA214,A,96
monique.wallace@myscu.edu,DATA204,B,88
heather.berger@myscu.edu,DATA216,D,68
brandon.flynn@myscu.edu,DATA215,D,63
brandon.flynn@myscu.edu,DATA207,D,67
kelly.brooks@myscu.edu,DATA212,A,90
kelly.brooks@myscu.edu,DATA213,D,62
kelly.brooks@myscu.edu,DATA208,A,90
kelly.brooks@myscu.edu,DATA216,B,80
kelly.brooks@myscu.edu,DATA209,C,79
dustin.schmidt@myscu.edu,DATA209,B,82
ashlee.sparks@myscu.edu,DATA216,A,100
ashlee.sparks@myscu.edu,DATA202,B,86
george.miller@myscu.edu,DATA212,B,83
monica.harvey@myscu.edu,DATA216,B,81
monica.harvey@myscu.edu,DATA211,A,90
monica.harvey@myscu.edu,DATA214,A,97
john.durham@myscu.edu,DATA214,D,68
john.durham@myscu.edu,DATA216,D,68
john.durham@myscu.edu,DATA218,C,75
douglas.murray@myscu.edu,DATA216,D,60
jonathan.scott@myscu.edu,DATA211,D,62
jonathan.scott@myscu.edu,DATA205,C,79
jonathan.scott@myscu.edu,DATA207,C,77
albert.ballard@myscu.edu,DATA219,A,96
albert.ballard@myscu.edu,DATA212,B,87
albert.ballard@myscu.edu,DATA214,C,79
albert.ballard@myscu.edu,DATA215,B,84
rachel.byrd@myscu.edu,DATA218,D,64
eric.alexander@myscu.edu,DATA212,A,99
michael.matthews@myscu.edu,DATA208,A,96
michael.matthews@myscu.edu,DATA214,D,63
michael.matthews@myscu.edu,DATA212,D,61
michael.matthews@myscu.edu,DATA202,D,69
danielle.coleman@myscu.edu,DATA216,B,82
danielle.coleman@myscu.edu,DATA202,D,66
danielle.coleman@myscu.edu,DATA214,D,68
danielle.coleman@myscu.edu,DATA215,D,67
john.bruce@myscu.edu,DATA213,B,89
john.bruce@myscu.edu,DATA204,B,85
james.cruz@myscu.edu,DATA205,B,82
james.cruz@myscu.edu,DATA215,A,93
james.cruz@myscu.edu,DATA204,A,98
james.cruz@myscu.edu,DATA218,B,85
timothy.young@myscu.edu,DATA216,B,81
timothy.young@myscu.edu,DATA218,A,97
timothy.young@myscu.edu,DATA206,B,81
timothy.young@myscu.edu,DATA215,A,100
ashley.andrews@myscu.edu,DATA215,D,60
ashley.andrews@myscu.edu,DATA216,B,87
ashley.andrews@myscu.edu,DATA212,A,96
victoria.phillips@myscu.edu,DATA204,A,99
victoria.phillips@myscu.edu,DATA207,C,73
tiffany.barrett@myscu.edu,DATA208,C,76
joshua.knight@myscu.edu,DATA206,B,83
gina.garner@myscu.edu,DATA202,A,95
gina.garner@myscu.edu,DATA212,C,79
gina.garner@myscu.edu,DATA219,C,72
brandon.obrien@myscu.edu,DATA219,C,76
brandon.obrien@myscu.edu,DATA214,B,85
tyler.strong@myscu.edu,DATA211,D,65
justin.lindsey@myscu.edu,DATA209,D,64
justin.lindsey@myscu.edu,DATA208,C,74
catherine.gomez@myscu.edu,DATA203,A,94
catherine.gomez@myscu.edu,DATA205,A,95
catherine.gomez@myscu.edu,DATA211,D,63
catherine.gomez@myscu.edu,DATA208,C,73
dana.oliver@myscu.edu,DATA219,C,78
dana.oliver@myscu.edu,DATA205,C,71
dana.oliver@myscu.edu,DATA216,C,72
erica.le@myscu.edu,DATA213,B,86
erica.le@myscu.edu,DATA214,C,70
erica.le@myscu.edu,DATA218,D,68
erica.le@myscu.edu,DATA212,D,62
donna.massey@myscu.edu,DATA212,C,75
donna.massey@myscu.edu,DATA204,C,72
courtney.berger@myscu.edu,DATA212,C,79
courtney.berger@myscu.edu,DATA219,B,89
courtney.berger@myscu.edu,DATA209,C,78
debbie.parker@myscu.edu,DATA209,C,71
debbie.parker@myscu.edu,DATA207,C,76
scott.riley@myscu.edu,DATA211,B,86
jessica.davis@myscu.edu,DATA208,D,61
jessica.davis@myscu.edu,DATA212,C,79
jessica.davis@myscu.edu,DATA207,C,74
jessica.davis@myscu.edu,DATA206,B,88
kenneth.burgess@myscu.edu,DATA218,B,86
kenneth.burgess@myscu.edu,DATA203,A,92
kenneth.burgess@myscu.edu,DATA212,B,85
gregory.anderson@myscu.edu,DATA215,A,94
gregory.anderson@myscu.edu,DATA208,D,61
amber.mata@myscu.edu,DATA206,D,62
alyssa.mcintyre@myscu.edu,DATA205,B,80
maria.scott@myscu.edu,DATA206,A,96
maria.scott@myscu.edu,DATA215,C,77
maria.scott@myscu.edu,DATA205,B,84
makayla.olson@myscu.edu,DATA213,A,97
makayla.olson@myscu.edu,DATA212,D,63
makayla.olson@myscu.edu,DATA205,D,69
lindsay.francis@myscu.edu,DATA204,D,65
lindsay.francis@myscu.edu,DATA205,A,91
lindsay.francis@myscu.edu,DATA212,B,88
lindsay.francis@myscu.edu,DATA207,C,78
matthew.wilson@myscu.edu,DATA214,B,89
matthew.wilson@myscu.edu,DATA216,C,76
matthew.wilson@myscu.edu,DATA211,C,72
sydney.taylor@myscu.edu,DATA218,D,62
tammy.dalton@myscu.edu,DATA204,C,79
tammy.dalton@myscu.edu,DATA216,C,73
jennifer.whitney@myscu.edu,DATA209,B,80
tammy.ballard@myscu.edu,DATA212,D,63
tammy.ballard@myscu.edu,DATA211,D,69
tammy.ballard@myscu.edu,DATA218,C,74
michael.gibbs@myscu.edu,DATA207,B,83
michael.gibbs@myscu.edu,DATA216,D,63
michael.gibbs@myscu.edu,DATA208,C,70
michael.gibbs@myscu.edu,DATA212,C,70
alexander.herrera@myscu.edu,DATA204,A,95
alexander.herrera@myscu.edu,DATA219,B,87
alexander.herrera@myscu.edu,DATA215,B,85
shawn.chambers@myscu.edu,DATA208,C,71
shawn.chambers@myscu.edu,DATA207,B,88
emily.richards@myscu.edu,DATA207,B,81
lynn.bentley@myscu.edu,DATA214,C,70
lynn.bentley@myscu.edu,DATA209,C,72
daniel.hall@myscu.edu,DATA208,C,72
daniel.hall@myscu.edu,DATA203,D,68
daniel.hall@myscu.edu,DATA216,A,93
daniel.hall@myscu.edu,DATA202,D,69
daniel.hall@myscu.edu,DATA219,A,99
angel.henson@myscu.edu,DATA215,C,74
angel.henson@myscu.edu,DATA219,D,60
angel.henson@myscu.edu,DATA205,D,68
anna.herman@myscu.edu,DATA212,D,61
jeffrey.brown@myscu.edu,DATA214,D,68
jeffrey.brown@myscu.edu,DATA216,B,81
madison.blankenship@myscu.edu,DATA214,B,85
madison.blankenship@myscu.edu,DATA218,A,96
madison.blankenship@myscu.edu,DATA207,D,66
kevin.ortiz@myscu.edu,DATA211,C,73
kevin.ortiz@myscu.edu,DATA202,D,60
donald.shah@myscu.edu,DATA206,C,74
donald.shah@myscu.edu,DATA212,D,61
kevin.vasquez@myscu.edu,DATA214,C,74
kevin.vasquez@myscu.edu,DATA202,C,72
colton.clay@myscu.edu,DATA204,B,86
colton.clay@myscu.edu,DATA214,B,89
colton.clay@myscu.edu,DATA203,B,88
derek.chavez@myscu.edu,DATA213,D,64
derek.chavez@myscu.edu,DATA206,B,87
sonya.barnes@myscu.edu,DATA207,B,83
sonya.barnes@myscu.edu,DATA205,D,60
julia.moore@myscu.edu,DATA204,B,88
julia.moore@myscu.edu,DATA219,B,87
julia.moore@myscu.edu,DATA206,D,69
robert.garcia@myscu.edu,DATA203,A,90
robert.garcia@myscu.edu,DATA215,A,99
robert.garcia@myscu.edu,DATA216,A,99
tracy.russell@myscu.edu,DATA209,B,82
tracy.russell@myscu.edu,DATA213,B,80
stephanie.johnson@myscu.edu,DATA211,C,75
mitchell.ramos@myscu.edu,DATA208,C,73
mitchell.ramos@myscu.edu,DATA204,D,63
mitchell.ramos@myscu.edu,DATA203,D,65
mitchell.ramos@myscu.edu,DATA209,C,71
stephanie.foley@myscu.edu,DATA211,C,74
cory.jennings@myscu.edu,DATA214,A,97
amy.levine@myscu.edu,DATA212,A,95
amy.levine@myscu.edu,DATA205,C,76
amy.levine@myscu.edu,DATA214,A,91
michael.sanders@myscu.edu,DATA213,C,70
michael.sanders@myscu.edu,DATA219,C,75
michael.sanders@myscu.edu,DATA216,D,61
michael.sanders@myscu.edu,DATA203,C,73
james.martinez@myscu.edu,DATA202,C,77
james.martinez@myscu.edu,DATA216,D,68
james.martinez@myscu.edu,DATA215,D,62
melanie.gibson@myscu.edu,DATA219,C,78
melanie.gibson@myscu.edu,DATA204,B,89
melanie.gibson@myscu.edu,DATA215,D,64
melanie.gibson@myscu.edu,DATA208,D,61
elizabeth.may@myscu.edu,DATA209,D,65
elizabeth.may@myscu.edu,DATA204,B,89
elizabeth.may@myscu.edu,DATA207,C,70
carla.smith@myscu.edu,DATA211,C,70
carla.smith@myscu.edu,DATA216,D,68
carla.smith@myscu.edu,DATA212,D,63
kristin.sanchez@myscu.edu,DATA216,B,83
kristin.sanchez@myscu.edu,DATA204,D,63
david.cunningham@myscu.edu,DATA213,B,86
casey.hubbard@myscu.edu,DATA215,C,76
casey.hubbard@myscu.edu,DATA216,D,66
jamie.robinson@myscu.edu,DATA214,A,100
jamie.robinson@myscu.edu,DATA219,B,80
molly.murphy@myscu.edu,DATA215,C,76
molly.murphy@myscu.edu,DATA209,B,86
molly.murphy@myscu.edu,DATA205,D,66
dylan.lester@myscu.edu,DATA202,A,99
dylan.lester@myscu.edu,DATA215,A,98
aaron.garrison@myscu.edu,DATA211,C,71
aaron.garrison@myscu.edu,DATA216,C,76
john.thompson@myscu.edu,DATA206,A,100
john.thompson@myscu.edu,DATA213,A,94
john.thompson@myscu.edu,DATA211,C,74
john.thompson@myscu.edu,DATA209,B,88
donna.johnson@myscu.edu,DATA209,D,69
donna.johnson@myscu.edu,DATA216,A,90
alexis.tyler@myscu.edu,DATA216,A,100
alexis.tyler@myscu.edu,DATA209,D,69
john.morris@myscu.edu,DATA205,B,81
john.morris@myscu.edu,DATA203,A,92
john.morris@myscu.edu,DATA202,D,64
john.morris@myscu.edu,DATA213,C,71
judy.fox@myscu.edu,DATA203,A,98
julie.alvarez@myscu.edu,DATA204,A,97
daniel.gordon@myscu.edu,DATA208,B,84
daniel.gordon@myscu.edu,DATA209,B,85
sonia.williams@myscu.edu,DATA207,C,78
sonia.williams@myscu.edu,DATA218,C,76
krista.camacho@myscu.edu,DATA202,D,69
adrienne.ellis@myscu.edu,DATA216,C,75
adrienne.ellis@myscu.edu,DATA204,A,91
tamara.brown@myscu.edu,DATA206,C,75
timothy.morales@myscu.edu,DATA216,A,100
timothy.morales@myscu.edu,DATA202,B,88
gina.henry@myscu.edu,DATA211,A,96
renee.jones@myscu.edu,DATA215,D,68
christopher.franklin@myscu.edu,DATA214,D,65
cameron.hill@myscu.edu,DATA212,D,65
cameron.hill@myscu.edu,DATA206,D,63
cameron.hill@myscu.edu,DATA213,D,67
cameron.hill@myscu.edu,DATA205,B,89
mark.vang@myscu.edu,DATA219,D,62
mark.vang@myscu.edu,DATA209,C,75
alyssa.chavez@myscu.edu,DATA214,B,82
alyssa.chavez@myscu.edu,DATA216,A,95
alyssa.chavez@myscu.edu,DATA212,B,86
alyssa.chavez@myscu.edu,DATA218,A,99
alyssa.chavez@myscu.edu,DATA215,D,63
catherine.garcia@myscu.edu,DATA211,D,64
catherine.garcia@myscu.edu,DATA215,B,89
jacqueline.farrell@myscu.edu,DATA219,D,63
jacqueline.farrell@myscu.edu,DATA213,A,91
debra.mack@myscu.edu,DATA214,D,62
debra.mack@myscu.edu,DATA209,A,100
debra.mack@myscu.edu,DATA213,C,74
jennifer.lewis@myscu.edu,DATA209,A,98
shannon.perez@myscu.edu,DATA211,B,82
matthew.chavez@myscu.edu,DATA205,A,97
matthew.chavez@myscu.edu,DATA211,A,99
matthew.chavez@myscu.edu,DATA209,A,99
matthew.chavez@myscu.edu,DATA206,C,76
robert.davis@myscu.edu,DATA216,B,82
ronald.ortega@myscu.edu,DATA218,C,71
ronald.ortega@myscu.edu,DATA206,A,98
ronald.ortega@myscu.edu,DATA205,B,80
ronald.ortega@myscu.edu,DATA203,A,91
nicholas.hernandez@myscu.edu,DATA203,D,66
nicholas.hernandez@myscu.edu,DATA206,C,71
sandra.jones@myscu.edu,DATA214,C,71
marie.davis@myscu.edu,DATA215,D,69
marie.davis@myscu.edu,DATA206,A,91
colin.rodgers@myscu.edu,DATA213,B,84
colin.rodgers@myscu.edu,DATA204,C,76
colin.rodgers@myscu.edu,DATA209,C,74
colin.rodgers@myscu.edu,DATA202,A,95
lisa.hawkins@myscu.edu,DATA216,B,89
brenda.hoffman@myscu.edu,DATA202,D,61
brenda.hoffman@myscu.edu,DATA216,B,83
mark.martinez@myscu.edu,DATA213,D,69
michael.ortega@myscu.edu,DATA218,D,69
michael.ortega@myscu.edu,DATA215,D,67
michael.ortega@myscu.edu,DATA205,B,84
karen.parrish@myscu.edu,DATA216,C,71
jennifer.schmitt@myscu.edu,DATA202,B,80
jennifer.schmitt@myscu.edu,DATA211,C,76
caroline.bell@myscu.edu,DATA204,C,72
caroline.bell@myscu.edu,DATA215,C,72
becky.lewis@myscu.edu,DATA212,D,60
becky.lewis@myscu.edu,DATA216,A,94
becky.lewis@myscu.edu,DATA202,C,72
becky.lewis@myscu.edu,DATA214,C,72
diane.walker@myscu.edu,DATA205,C,78
daniel.bruce@myscu.edu,DATA214,C,79
daniel.bruce@myscu.edu,DATA215,B,88
michael.farmer@myscu.edu,DATA208,D,61
michael.farmer@myscu.edu,DATA211,C,79
audrey.aguirre@myscu.edu,DATA204,A,92
audrey.aguirre@myscu.edu,DATA208,A,93
audrey.aguirre@myscu.edu,DATA215,A,91
audrey.aguirre@myscu.edu,DATA212,A,92
megan.villegas@myscu.edu,DATA204,A,98
megan.villegas@myscu.edu,DATA218,A,97
loretta.austin@myscu.edu,DATA206,B,81
dawn.johnson@myscu.edu,DATA202,D,60
dawn.johnson@myscu.edu,DATA204,C,77
sarah.gallegos@myscu.edu,DATA219,B,89
sarah.gallegos@myscu.edu,DATA214,D,61
sarah.gallegos@myscu.edu,DATA212,C,70
sarah.gallegos@myscu.edu,DATA207,B,83
joseph.white@myscu.edu,DATA212,A,99
jacqueline.parker@myscu.edu,DATA208,B,84
jacqueline.parker@myscu.edu,DATA205,D,64
matthew.smith@myscu.edu,DATA212,A,99
matthew.smith@myscu.edu,DATA203,B,80
matthew.smith@myscu.edu,DATA215,C,72
matthew.smith@myscu.edu,DATA205,B,88
molly.knight@myscu.edu,DATA207,A,91
richard.thomas@myscu.edu,DATA206,A,99
richard.thomas@myscu.edu,DATA219,C,71
richard.thomas@myscu.edu,DATA214,B,85
cynthia.johnson@myscu.edu,DATA218,A,100
julie.lewis@myscu.edu,DATA209,C,73
julie.lewis@myscu.edu,DATA205,C,70
julie.lewis@myscu.edu,DATA219,B,86
robert.peterson@myscu.edu,DATA204,C,77
mitchell.griffith@myscu.edu,DATA204,C,71
mitchell.griffith@myscu.edu,DATA218,B,88
mitchell.griffith@myscu.edu,DATA206,A,91
mitchell.griffith@myscu.edu,DATA213,A,90
mitchell.griffith@myscu.edu,DATA205,B,80
kimberly.bradley@myscu.edu,DATA206,C,70
christopher.williams@myscu.edu,DATA213,C,70
christopher.williams@myscu.edu,DATA218,A,96
christopher.williams@myscu.edu,DATA202,D,69
eric.williamson@myscu.edu,DATA218,D,61
eric.williamson@myscu.edu,DATA207,B,86
emily.nelson@myscu.edu,DATA206,B,85
emily.nelson@myscu.edu,DATA204,B,82
emily.nelson@myscu.edu,DATA207,A,94
emily.nelson@myscu.edu,DATA205,D,65
ebony.tucker@myscu.edu,DATA213,A,98
ebony.tucker@myscu.edu,DATA207,D,68
ebony.tucker@myscu.edu,DATA218,D,61
scott.nelson@myscu.edu,DATA204,B,83
scott.nelson@myscu.edu,DATA206,A,96
scott.nelson@myscu.edu,DATA209,A,97
kari.wilson@myscu.edu,DATA213,C,78
kari.wilson@myscu.edu,DATA203,D,67
russell.campbell@myscu.edu,DATA214,B,80
russell.campbell@myscu.edu,DATA215,B,86
russell.campbell@myscu.edu,DATA207,C,73
erika.tucker@myscu.edu,DATA218,D,62
erika.tucker@myscu.edu,DATA212,D,69
elizabeth.williams@myscu.edu,DATA208,A,97
elizabeth.williams@myscu.edu,DATA207,B,80
randall.greene@myscu.edu,DATA206,A,97
randall.greene@myscu.edu,DATA208,C,74
randall.greene@myscu.edu,DATA218,B,87
randall.greene@myscu.edu,DATA215,C,75
adrian.turner@myscu.edu,DATA203,D,69
adrian.turner@myscu.edu,DATA205,B,86
adrian.turner@myscu.edu,DATA214,C,71
jason.taylor@myscu.edu,DATA202,C,78
jonathan.murphy@myscu.edu,DATA205,C,71
jonathan.murphy@myscu.edu,DATA218,D,62
adrian.burgess@myscu.edu,DATA214,B,84
gregory.james@myscu.edu,DATA208,D,64
jane.mason@myscu.edu,DATA215,B,81
martha.drake@myscu.edu,DATA202,A,99
martha.drake@myscu.edu,DATA207,A,92
martha.drake@myscu.edu,DATA214,D,61
charles.hensley@myscu.edu,DATA207,A,95
charles.hensley@myscu.edu,DATA215,B,81
charles.hensley@myscu.edu,DATA203,D,66
charles.hensley@myscu.edu,DATA206,C,72
charles.hensley@myscu.edu,DATA219,C,73
bobby.smith@myscu.edu,DATA214,D,66
bobby.smith@myscu.edu,DATA204,C,74
bobby.smith@myscu.edu,DATA218,A,94
samantha.atkins@myscu.edu,DATA205,D,62
samantha.atkins@myscu.edu,DATA216,D,62
samantha.atkins@myscu.edu,DATA207,C,77
samantha.atkins@myscu.edu,DATA204,A,96
barbara.berry@myscu.edu,DATA215,C,74
jenna.butler@myscu.edu,DATA203,C,70
darius.smith@myscu.edu,DATA202,D,64
darius.smith@myscu.edu,DATA211,D,65
mark.solis@myscu.edu,DATA214,C,71
mark.solis@myscu.edu,DATA206,C,71
samantha.davis@myscu.edu,DATA219,C,78
megan.sanchez@myscu.edu,DATA211,A,92
megan.sanchez@myscu.edu,DATA215,B,83
brianna.warren@myscu.edu,DATA215,A,94
brianna.warren@myscu.edu,DATA214,D,69
brianna.warren@myscu.edu,DATA216,B,87
brianna.warren@myscu.edu,DATA218,A,94
randy.collins@myscu.edu,DATA208,A,94
randy.collins@myscu.edu,DATA214,A,91
randy.collins@myscu.edu,DATA211,B,85
randy.collins@myscu.edu,DATA206,C,79
randy.collins@myscu.edu,DATA218,D,60
matthew.cook@myscu.edu,DATA218,D,66
matthew.cook@myscu.edu,DATA211,A,97
matthew.cook@myscu.edu,DATA205,D,67
matthew.cook@myscu.edu,DATA207,A,93
matthew.cook@myscu.edu,DATA212,B,80
jessica.fuentes@myscu.edu,DATA209,C,79
jessica.fuentes@myscu.edu,DATA207,C,79
lisa.young@myscu.edu,DATA216,D,68
lisa.young@myscu.edu,DATA202,D,60
lisa.young@myscu.edu,DATA218,D,62
dwayne.gonzalez@myscu.edu,DATA204,C,71
carrie.wolf@myscu.edu,DATA218,A,96
carrie.wolf@myscu.edu,DATA202,A,92
carrie.wolf@myscu.edu,DATA211,A,91
carrie.wolf@myscu.edu,DATA205,B,88
diana.thompson@myscu.edu,DATA216,A,100
diana.thompson@myscu.edu,DATA218,A,93
kendra.snyder@myscu.edu,DATA208,A,90
karen.wolf@myscu.edu,DATA219,C,75
shane.glass@myscu.edu,DATA207,B,80
shane.glass@myscu.edu,DATA218,A,93
anne.reid@myscu.edu,DATA207,B,80
anne.reid@myscu.edu,DATA218,B,84
claudia.lin@myscu.edu,DATA202,B,85
courtney.hernandez@myscu.edu,DATA213,C,78
courtney.hernandez@myscu.edu,DATA206,B,85
courtney.hernandez@myscu.edu,DATA215,C,79
carlos.ramos@myscu.edu,DATA215,D,67
carlos.ramos@myscu.edu,DATA216,A,98
carlos.ramos@myscu.edu,DATA206,B,87
kevin.hill@myscu.edu,DATA208,D,68
brian.romero@myscu.edu,DATA206,C,78
brian.romero@myscu.edu,DATA213,D,67
brian.romero@myscu.edu,DATA215,A,99
lance.hayes@myscu.edu,DATA216,D,69
brian.decker@myscu.edu,DATA209,B,87
brian.decker@myscu.edu,DATA218,D,69
chase.lin@myscu.edu,DATA215,C,71
chase.lin@myscu.edu,DATA202,D,64
chase.lin@myscu.edu,DATA203,C,72
chase.lin@myscu.edu,DATA204,C,71
melissa.gilbert@myscu.edu,DATA212,D,61
melissa.gilbert@myscu.edu,DATA204,D,64
melissa.gilbert@myscu.edu,DATA218,D,62
angela.conner@myscu.edu,DATA218,C,70
angela.conner@myscu.edu,DATA205,A,99
paula.cole@myscu.edu,DATA209,C,76
lisa.pearson@myscu.edu,DATA208,A,94
lisa.pearson@myscu.edu,DATA213,C,73
lisa.pearson@myscu.edu,DATA214,D,67
lisa.pearson@myscu.edu,DATA204,C,78
marc.alvarez@myscu.edu,DATA203,A,91
edward.brown@myscu.edu,DATA204,A,92
dale.nolan@myscu.edu,DATA202,D,67
dale.nolan@myscu.edu,DATA203,D,65
dale.nolan@myscu.edu,DATA218,A,90
dale.nolan@myscu.edu,DATA212,A,99
matthew.klein@myscu.edu,DATA207,B,88
matthew.klein@myscu.edu,DATA203,D,69
matthew.klein@myscu.edu,DATA204,B,86
matthew.klein@myscu.edu,DATA205,A,97
william.thompson@myscu.edu,DATA207,A,99
john.kim@myscu.edu,DATA207,A,98
scott.mills@myscu.edu,DATA214,A,99
scott.mills@myscu.edu,DATA204,A,96
erik.watson@myscu.edu,DATA204,D,66
erik.watson@myscu.edu,DATA214,C,70
erik.watson@myscu.edu,DATA207,A,92
erik.watson@myscu.edu,DATA206,C,72
justin.ortiz@myscu.edu,DATA203,A,95
matthew.harper@myscu.edu,DATA218,D,63
matthew.harper@myscu.edu,DATA206,C,74
kristina.holland@myscu.edu,DATA216,B,87
kristina.holland@myscu.edu,DATA212,B,87
kristina.holland@myscu.edu,DATA206,D,61
cameron.davis@myscu.edu,DATA211,C,70
cameron.davis@myscu.edu,DATA205,D,63
cameron.davis@myscu.edu,DATA214,D,60
cameron.davis@myscu.edu,DATA209,B,82
erika.mitchell@myscu.edu,DATA213,C,72
erika.mitchell@myscu.edu,DATA203,C,70
erika.mitchell@myscu.edu,DATA204,A,94
erika.mitchell@myscu.edu,DATA209,B,81
erika.mitchell@myscu.edu,DATA205,C,72
jennifer.douglas@myscu.edu,DATA212,A,94
rebecca.marks@myscu.edu,DATA213,B,85
mathew.aguilar@myscu.edu,DATA218,C,72
donald.bailey@myscu.edu,DATA216,A,100
donald.bailey@myscu.edu,DATA204,D,62
tammy.hale@myscu.edu,DATA209,B,80
philip.larson@myscu.edu,DATA202,C,71
philip.larson@myscu.edu,DATA204,C,75
philip.larson@myscu.edu,DATA218,A,93
philip.larson@myscu.edu,DATA209,C,75
sharon.collins@myscu.edu,DATA207,A,95
sharon.collins@myscu.edu,DATA204,D,60
sharon.collins@myscu.edu,DATA206,A,95
nicholas.conner@myscu.edu,DATA205,C,70
nicholas.conner@myscu.edu,DATA211,B,86
nicholas.conner@myscu.edu,DATA212,A,99
lisa.santiago@myscu.edu,DATA219,C,70
maria.rodgers@myscu.edu,DATA215,A,96
gina.fox@myscu.edu,DATA202,A,99
gina.fox@myscu.edu,DATA218,D,63
debbie.henderson@myscu.edu,DATA211,B,88
debbie.henderson@myscu.edu,DATA204,B,85
debbie.henderson@myscu.edu,DATA215,A,94
henry.lewis@myscu.edu,DATA213,B,89
henry.lewis@myscu.edu,DATA214,B,87
stacey.tucker@myscu.edu,DATA212,C,75
jeremy.taylor@myscu.edu,DATA213,C,74
jeremy.taylor@myscu.edu,DATA208,C,71
chris.richard@myscu.edu,DATA204,A,95
chris.richard@myscu.edu,DATA213,C,73
craig.wise@myscu.edu,DATA213,A,92
mary.stephenson@myscu.edu,DATA215,C,73
mary.stephenson@myscu.edu,DATA211,C,73
mary.stephenson@myscu.edu,DATA212,A,90
mary.stephenson@myscu.edu,DATA209,B,86
mary.stephenson@myscu.edu,DATA204,D,65
katie.anderson@myscu.edu,DATA202,A,100
katie.anderson@myscu.edu,DATA204,D,67
nicholas.martin@myscu.edu,DATA211,A,100
marie.wise@myscu.edu,DATA203,A,94
marie.wise@myscu.edu,DATA215,B,85
lisa.martin@myscu.edu,DATA209,C,71
samuel.jenkins@myscu.edu,DATA207,B,85
samuel.jenkins@myscu.edu,DATA203,B,89
samuel.jenkins@myscu.edu,DATA211,D,66
samuel.jenkins@myscu.edu,DATA205,C,75
erica.young@myscu.edu,DATA215,B,87
erica.young@myscu.edu,DATA207,A,95
sean.mitchell@myscu.edu,DATA215,D,66
sean.mitchell@myscu.edu,DATA205,D,64
kaitlyn.cole@myscu.edu,DATA212,C,72
kaitlyn.cole@myscu.edu,DATA219,D,69
kaitlyn.cole@myscu.edu,DATA214,C,70
kaitlyn.cole@myscu.edu,DATA202,C,72
amanda.collins@myscu.edu,DATA218,C,74
amanda.collins@myscu.edu,DATA213,A,98
lindsey.harrison@myscu.edu,DATA206,D,66
lindsey.harrison@myscu.edu,DATA207,A,94
lindsey.harrison@myscu.edu,DATA204,A,92
lindsey.harrison@myscu.edu,DATA218,C,74
mary.richardson@myscu.edu,DATA212,B,82
mary.richardson@myscu.edu,DATA216,C,71
mary.richardson@myscu.edu,DATA203,B,89
stacey.joyce@myscu.edu,DATA213,A,98
stacey.joyce@myscu.edu,DATA208,A,93
steven.campbell@myscu.edu,DATA207,A,90
patrick.rose@myscu.edu,DATA209,D,61
tammy.montoya@myscu.edu,DATA207,B,85
laurie.taylor@myscu.edu,DATA219,A,90
john.davidson@myscu.edu,DATA205,B,84
curtis.singleton@myscu.edu,DATA205,D,62
curtis.singleton@myscu.edu,DATA211,B,87
curtis.singleton@myscu.edu,DATA212,A,100
curtis.singleton@myscu.edu,DATA215,B,83
curtis.singleton@myscu.edu,DATA214,A,97
melissa.mitchell@myscu.edu,DATA219,C,70
melissa.mitchell@myscu.edu,DATA213,D,60
melissa.mitchell@myscu.edu,DATA209,A,100
kathryn.nelson@myscu.edu,DATA202,A,93
kathryn.nelson@myscu.edu,DATA211,D,66
kathryn.nelson@myscu.edu,DATA214,C,77
kathryn.nelson@myscu.edu,DATA218,C,75
rebecca.hernandez@myscu.edu,DATA218,D,64
rebecca.hernandez@myscu.edu,DATA209,A,99
rebecca.hernandez@myscu.edu,DATA213,D,68
samuel.potts@myscu.edu,DATA212,B,89
samuel.potts@myscu.edu,DATA207,A,98
jeffrey.hayes@myscu.edu,DATA202,B,88
jeffrey.hayes@myscu.edu,DATA215,B,86
jeffrey.hayes@myscu.edu,DATA203,D,67
michael.johnson@myscu.edu,DATA203,B,89
michael.johnson@myscu.edu,DATA208,A,92
brian.shaw@myscu.edu,DATA202,D,67
brian.shaw@myscu.edu,DATA213,B,82
brian.shaw@myscu.edu,DATA203,B,86
joe.vang@myscu.edu,DATA202,A,97
nicholas.johnson@myscu.edu,DATA203,A,94
nicholas.johnson@myscu.edu,DATA216,C,79
nicholas.johnson@myscu.edu,DATA218,B,82
sarah.combs@myscu.edu,DATA204,A,91
devin.mitchell@myscu.edu,DATA213,D,69
devin.mitchell@myscu.edu,DATA207,B,84
devin.mitchell@myscu.edu,DATA203,B,83
maria.horton@myscu.edu,DATA215,B,85
maria.horton@myscu.edu,DATA212,A,94
maria.horton@myscu.edu,DATA208,B,84
maria.horton@myscu.edu,DATA202,C,70
dominic.thornton@myscu.edu,DATA202,A,99
dominic.thornton@myscu.edu,DATA205,B,82
dominic.thornton@myscu.edu,DATA213,A,96
dominic.thornton@myscu.edu,DATA216,D,66
shane.smith@myscu.edu,DATA204,D,68
christian.scott@myscu.edu,DATA216,C,73
christian.scott@myscu.edu,DATA203,C,79
christian.scott@myscu.edu,DATA211,A,99
mary.dunn@myscu.edu,DATA203,A,97
mary.dunn@myscu.edu,DATA204,A,96
jessica.rose@myscu.edu,DATA215,C,70
daniel.roberts@myscu.edu,DATA205,B,81
daniel.roberts@myscu.edu,DATA214,C,74
robert.bauer@myscu.edu,DATA204,C,77
robert.bauer@myscu.edu,DATA216,B,87
stephen.rodriguez@myscu.edu,DATA209,A,100
rebecca.carlson@myscu.edu,DATA211,A,100
rebecca.carlson@myscu.edu,DATA214,D,60
rebecca.carlson@myscu.edu,DATA203,B,88
rebecca.carlson@myscu.edu,DATA207,C,79
allen.robertson@myscu.edu,DATA211,D,68
john.thomas@myscu.edu,DATA218,A,97
john.thomas@myscu.edu,DATA207,A,98
john.thomas@myscu.edu,DATA202,B,88
ruben.mendez@myscu.edu,DATA202,C,77
john.butler@myscu.edu,DATA211,A,90
john.butler@myscu.edu,DATA216,D,69
elizabeth.miller@myscu.edu,DATA205,A,99
elizabeth.miller@myscu.edu,DATA215,B,86
elizabeth.miller@myscu.edu,DATA209,B,87
theresa.jones@myscu.edu,DATA209,A,97
theresa.jones@myscu.edu,DATA212,C,79
alicia.romero@myscu.edu,DATA203,B,88
vanessa.spencer@myscu.edu,DATA203,A,96
cynthia.zavala@myscu.edu,DATA218,A,91
cynthia.zavala@myscu.edu,DATA213,D,61
cynthia.zavala@myscu.edu,DATA205,A,95
cynthia.zavala@myscu.edu,DATA211,D,60
cynthia.zavala@myscu.edu,DATA216,A,95
jon.smith@myscu.edu,DATA202,A,98
jon.smith@myscu.edu,DATA214,B,89
jon.smith@myscu.edu,DATA213,C,79
kristina.cooper@myscu.edu,DATA219,C,76
kristina.cooper@myscu.edu,DATA208,A,95
kristina.cooper@myscu.edu,DATA215,B,82
jessica.fuller@myscu.edu,DATA219,A,99
kelsey.moss@myscu.edu,DATA203,C,78
marvin.williams@myscu.edu,DATA206,B,85
amy.li@myscu.edu,DATA205,C,72
amy.li@myscu.edu,DATA212,A,98
amy.li@myscu.edu,DATA214,A,92
amy.li@myscu.edu,DATA208,C,79
gregory.maxwell@myscu.edu,DATA212,D,67
gregory.maxwell@myscu.edu,DATA213,B,86
gregory.maxwell@myscu.edu,DATA204,B,89
steven.dominguez@myscu.edu,DATA215,C,75
crystal.cain@myscu.edu,DATA203,C,78
crystal.cain@myscu.edu,DATA218,B,89
crystal.cain@myscu.edu,DATA202,A,93
bryan.parsons@myscu.edu,DATA208,A,100
bryan.parsons@myscu.edu,DATA207,B,81
bryan.parsons@myscu.edu,DATA204,C,73
bryan.parsons@myscu.edu,DATA215,B,85
stephen.carter@myscu.edu,DATA218,A,94
bradley.gonzalez@myscu.edu,DATA209,A,94
bobby.mahoney@myscu.edu,DATA219,D,66
bobby.mahoney@myscu.edu,DATA212,B,84
bobby.mahoney@myscu.edu,DATA213,C,78
zachary.hays@myscu.edu,DATA216,A,97
zachary.hays@myscu.edu,DATA203,A,94
zachary.hays@myscu.edu,DATA209,D,61
amy.king@myscu.edu,DATA202,C,78
amy.king@myscu.edu,DATA203,D,60
karen.lee@myscu.edu,DATA219,C,70
karen.lee@myscu.edu,DATA218,A,100
karen.lee@myscu.edu,DATA215,A,92
karen.lee@myscu.edu,DATA214,B,85
michael.norman@myscu.edu,DATA209,D,60
michelle.rivera@myscu.edu,DATA204,B,80
david.richardson@myscu.edu,DATA202,D,62
david.richardson@myscu.edu,DATA218,C,70
david.richardson@myscu.edu,DATA207,B,85
pamela.paul@myscu.edu,DATA214,D,68
pamela.paul@myscu.edu,DATA202,D,62
pamela.paul@myscu.edu,DATA208,B,85
patricia.hughes@myscu.edu,DATA219,C,78
patricia.hughes@myscu.edu,DATA207,A,95
patricia.hughes@myscu.edu,DATA202,A,98
terri.crawford@myscu.edu,DATA208,D,63
terri.crawford@myscu.edu,DATA205,D,61
tyler.glass@myscu.edu,DATA205,C,71
tyler.glass@myscu.edu,DATA219,C,77
tyler.glass@myscu.edu,DATA216,A,94
april.owen@myscu.edu,DATA216,C,76
jessica.miller@myscu.edu,DATA203,B,82
jessica.miller@myscu.edu,DATA209,A,93
jessica.miller@myscu.edu,DATA215,D,66
jessica.miller@myscu.edu,DATA212,C,74
jessica.miller@myscu.edu,DATA216,D,60
carrie.short@myscu.edu,DATA215,A,95
carrie.short@myscu.edu,DATA207,A,94
carrie.short@myscu.edu,DATA202,A,96
carrie.short@myscu.edu,DATA206,A,95
amy.morris@myscu.edu,DATA219,C,72
amy.morris@myscu.edu,DATA218,D,62
amy.morris@myscu.edu,DATA214,B,81
amy.morris@myscu.edu,DATA203,A,90
christopher.guerrero@myscu.edu,DATA207,C,79
christopher.guerrero@myscu.edu,DATA212,A,94
christopher.guerrero@myscu.edu,DATA209,C,75
kirk.morrison@myscu.edu,DATA209,A,99
ronald.norris@myscu.edu,DATA212,A,90
ronald.norris@myscu.edu,DATA203,C,76
ronald.norris@myscu.edu,DATA204,D,66
michael.williams@myscu.edu,DATA212,A,95
michael.williams@myscu.edu,DATA215,B,82
molly.gomez@myscu.edu,DATA215,D,60
whitney.hill@myscu.edu,DATA205,D,69
whitney.hill@myscu.edu,DATA218,B,88
whitney.hill@myscu.edu,DATA208,B,83
whitney.hill@myscu.edu,DATA207,D,60
tina.gould@myscu.edu,DATA215,D,63
tina.gould@myscu.edu,DATA205,D,60
charles.walsh@myscu.edu,DATA214,C,73
charles.walsh@myscu.edu,DATA213,D,62
charles.walsh@myscu.edu,DATA205,B,82
michael.owen@myscu.edu,DATA211,B,84
michael.owen@myscu.edu,DATA216,B,85
erin.cisneros@myscu.edu,DATA216,D,66
erin.cisneros@myscu.edu,DATA219,A,97
erin.cisneros@myscu.edu,DATA209,A,98
erin.cisneros@myscu.edu,DATA203,B,82
erin.cisneros@myscu.edu,DATA214,C,73
douglas.lawson@myscu.edu,DATA209,D,61
kimberly.johnson@myscu.edu,DATA209,B,82
carlos.osborne@myscu.edu,DATA212,B,84
carlos.osborne@myscu.edu,DATA205,C,78
carlos.osborne@myscu.edu,DATA213,D,66
michael.reyes@myscu.edu,DATA213,A,95
ashley.jacobs@myscu.edu,DATA207,A,96
ashley.jacobs@myscu.edu,DATA214,C,72
erika.rush@myscu.edu,DATA209,B,88
nathan.hines@myscu.edu,DATA214,C,78
nathan.hines@myscu.edu,DATA205,B,88
nathan.hines@myscu.edu,DATA203,A,96
audrey.moreno@myscu.edu,DATA206,D,63
raymond.banks@myscu.edu,DATA207,A,92
raymond.banks@myscu.edu,DATA205,D,61
john.wilson@myscu.edu,DATA214,A,93
john.wilson@myscu.edu,DATA203,A,90
jill.porter@myscu.edu,DATA204,B,86
paul.hoffman@myscu.edu,DATA204,D,62
paul.hoffman@myscu.edu,DATA211,D,61
jose.green@myscu.edu,DATA218,A,100
jose.green@myscu.edu,DATA216,C,73
jose.green@myscu.edu,DATA219,B,87
jose.green@myscu.edu,DATA214,B,83
sean.davies@myscu.edu,DATA202,D,67
sean.davies@myscu.edu,DATA203,D,63
travis.martinez@myscu.edu,DATA218,C,77
travis.martinez@myscu.edu,DATA216,C,76
melissa.hayes@myscu.edu,DATA203,D,68
melissa.hayes@myscu.edu,DATA209,A,98
melissa.hayes@myscu.edu,DATA216,A,98
melissa.hayes@myscu.edu,DATA202,B,85
rachel.wallace@myscu.edu,DATA204,A,90
rachel.wallace@myscu.edu,DATA212,C,77
rachel.wallace@myscu.edu,DATA208,B,81
rachel.wallace@myscu.edu,DATA209,B,87
christopher.fleming@myscu.edu,DATA203,A,95
megan.flores@myscu.edu,DATA214,B,85
megan.flores@myscu.edu,DATA211,B,83
megan.flores@myscu.edu,DATA216,C,70
megan.flores@myscu.edu,DATA218,C,79
michael.brown@myscu.edu,DATA204,D,62
michael.brown@myscu.edu,DATA218,B,84
amber.vance@myscu.edu,DATA204,D,69
amber.vance@myscu.edu,DATA216,D,68
amber.vance@myscu.edu,DATA211,D,67
amber.vance@myscu.edu,DATA214,B,80
melissa.joseph@myscu.edu,DATA202,B,82
sara.little@myscu.edu,DATA209,A,99
sara.little@myscu.edu,DATA205,A,98
sara.little@myscu.edu,DATA208,D,68
laura.hicks@myscu.edu,DATA213,C,71
laura.hicks@myscu.edu,DATA215,C,71
david.harris@myscu.edu,DATA202,D,67
david.harris@myscu.edu,DATA205,A,98
david.harris@myscu.edu,DATA206,D,60
dominic.tyler@myscu.edu,DATA218,B,81
dominic.tyler@myscu.edu,DATA202,C,75
dominic.tyler@myscu.edu,DATA209,C,73
anthony.spencer@myscu.edu,DATA207,A,100
anthony.spencer@myscu.edu,DATA212,C,78
anthony.spencer@myscu.edu,DATA202,B,88
anthony.spencer@myscu.edu,DATA218,D,61
anthony.spencer@myscu.edu,DATA205,C,76
miguel.lara@myscu.edu,DATA215,A,91
miguel.lara@myscu.edu,DATA218,C,79
miguel.lara@myscu.edu,DATA208,A,90
miguel.lara@myscu.edu,DATA205,B,84
andrea.salazar@myscu.edu,DATA213,C,79
andrea.salazar@myscu.edu,DATA216,C,78
andrea.salazar@myscu.edu,DATA204,B,80
christopher.parker@myscu.edu,DATA213,B,83
christopher.parker@myscu.edu,DATA212,A,98
christopher.parker@myscu.edu,DATA218,C,74
christopher.parker@myscu.edu,DATA215,A,98
yvonne.higgins@myscu.edu,DATA203,B,87
alicia.hammond@myscu.edu,DATA218,D,66
madeline.jones@myscu.edu,DATA218,C,74
madeline.jones@myscu.edu,DATA207,A,94
madeline.jones@myscu.edu,DATA203,C,74
teresa.day@myscu.edu,DATA209,B,80
teresa.day@myscu.edu,DATA202,D,60
teresa.day@myscu.edu,DATA218,A,91
shannon.frazier@myscu.edu,DATA206,D,65
shannon.frazier@myscu.edu,DATA203,D,68
shannon.frazier@myscu.edu,DATA211,C,78
shannon.frazier@myscu.edu,DATA213,B,81
melvin.humphrey@myscu.edu,DATA215,B,82
kimberly.bowman@myscu.edu,DATA207,C,70
kimberly.bowman@myscu.edu,DATA205,A,98
hunter.burch@myscu.edu,DATA211,D,63
hunter.burch@myscu.edu,DATA209,D,60
hunter.burch@myscu.edu,DATA218,B,85
ryan.bartlett@myscu.edu,DATA205,D,68
brian.martinez@myscu.edu,DATA212,D,65
brian.martinez@myscu.edu,DATA211,D,64
brian.martinez@myscu.edu,DATA203,A,90
brian.martinez@myscu.edu,DATA214,C,75
eric.martin@myscu.edu,DATA206,A,100
eric.martin@myscu.edu,DATA212,D,69
eric.martin@myscu.edu,DATA205,A,100
eric.martin@myscu.edu,DATA209,B,89
marcus.fletcher@myscu.edu,DATA211,C,70
marcus.fletcher@myscu.edu,DATA213,B,87
marcus.fletcher@myscu.edu,DATA209,C,77
marcus.fletcher@myscu.edu,DATA212,A,94
michael.everett@myscu.edu,DATA202,C,75
michael.everett@myscu.edu,DATA207,A,99
michael.everett@myscu.edu,DATA208,B,82
michael.everett@myscu.edu,DATA213,A,95
patty.singleton@myscu.edu,DATA214,A,95
patty.singleton@myscu.edu,DATA216,B,80
john.reid@myscu.edu,DATA204,C,71
john.reid@myscu.edu,DATA202,A,97
andrea.martinez@myscu.edu,DATA208,C,79
andrea.martinez@myscu.edu,DATA204,B,82
kevin.ferguson@myscu.edu,DATA212,B,80
kevin.ferguson@myscu.edu,DATA203,D,66
wayne.jackson@myscu.edu,DATA205,B,85
shelly.moore@myscu.edu,DATA215,D,67
shelly.moore@myscu.edu,DATA218,A,92
shelly.moore@myscu.edu,DATA207,B,80
donna.le@myscu.edu,DATA214,A,91
donna.le@myscu.edu,DATA208,B,83
donna.le@myscu.edu,DATA218,D,65
cassie.kirby@myscu.edu,DATA212,B,88
anne.bryan@myscu.edu,DATA218,B,81
anne.bryan@myscu.edu,DATA207,D,63
anne.bryan@myscu.edu,DATA208,A,93
anne.bryan@myscu.edu,DATA212,A,100
anthony.williams@myscu.edu,DATA214,D,63
anthony.williams@myscu.edu,DATA216,B,83
anthony.williams@myscu.edu,DATA207,C,79
anthony.williams@myscu.edu,DATA213,D,65
darlene.ray@myscu.edu,DATA204,C,76
darlene.ray@myscu.edu,DATA208,B,88
debra.wang@myscu.edu,DATA215,C,79
debra.wang@myscu.edu,DATA204,C,77
debra.wang@myscu.edu,DATA216,A,90
robert.fowler@myscu.edu,DATA213,C,74
robert.fowler@myscu.edu,DATA219,B,83
robert.fowler@myscu.edu,DATA218,A,100
robert.fowler@myscu.edu,DATA202,C,73
tyler.burton@myscu.edu,DATA202,C,79
tyler.burton@myscu.edu,DATA218,B,88
keith.frye@myscu.edu,DATA218,A,93
keith.frye@myscu.edu,DATA202,C,78
keith.frye@myscu.edu,DATA206,D,67
timothy.ballard@myscu.edu,DATA205,B,89
gail.evans@myscu.edu,DATA207,B,82
gail.evans@myscu.edu,DATA211,A,97
gail.evans@myscu.edu,DATA205,C,79
gail.evans@myscu.edu,DATA206,A,96
charles.brown@myscu.edu,DATA205,B,89
charles.brown@myscu.edu,DATA203,C,72
charles.brown@myscu.edu,DATA207,C,76
charles.brown@myscu.edu,DATA206,C,78
scott.washington@myscu.edu,DATA208,A,98
scott.washington@myscu.edu,DATA213,C,73
james.lawson@myscu.edu,DATA213,C,74
james.lawson@myscu.edu,DATA207,A,91
larry.higgins@myscu.edu,DATA202,A,92
jessica.valencia@myscu.edu,DATA215,A,94
theresa.anderson@myscu.edu,DATA203,D,67
theresa.anderson@myscu.edu,DATA212,A,93
mitchell.hoffman@myscu.edu,DATA204,B,86
mitchell.hoffman@myscu.edu,DATA211,D,65
luis.owens@myscu.edu,DATA209,C,72
luis.owens@myscu.edu,DATA215,C,75
joseph.wright@myscu.edu,DATA208,A,98
colin.roberts@myscu.edu,DATA207,C,71
patrick.gilbert@myscu.edu,DATA216,B,87
patrick.gilbert@myscu.edu,DATA203,D,62
patrick.gilbert@myscu.edu,DATA213,A,92
john.grimes@myscu.edu,DATA219,A,94
john.grimes@myscu.edu,DATA209,C,71
erik.murphy@myscu.edu,DATA215,A,95
erik.murphy@myscu.edu,DATA218,B,82
becky.edwards@myscu.edu,DATA208,C,71
becky.edwards@myscu.edu,DATA212,A,90
becky.edwards@myscu.edu,DATA202,A,94
becky.edwards@myscu.edu,DATA215,A,90
kathryn.jimenez@myscu.edu,DATA206,C,72
kathryn.jimenez@myscu.edu,DATA202,D,60
kathryn.jimenez@myscu.edu,DATA216,C,78
kathryn.jimenez@myscu.edu,DATA204,A,95
xavier.jimenez@myscu.edu,DATA205,B,87
xavier.jimenez@myscu.edu,DATA219,C,71
kyle.johnson@myscu.edu,DATA213,D,64
kyle.johnson@myscu.edu,DATA219,D,67
sierra.wagner@myscu.edu,DATA214,B,86
sierra.wagner@myscu.edu,DATA204,C,73
michael.williams@myscu.edu,DATA211,C,74
michael.williams@myscu.edu,DATA202,A,90
michael.williams@myscu.edu,DATA214,A,92
troy.khan@myscu.edu,DATA213,D,66
troy.khan@myscu.edu,DATA216,A,92
destiny.ruiz@myscu.edu,DATA219,A,96
amanda.boone@myscu.edu,DATA211,D,66
ryan.khan@myscu.edu,DATA205,A,90
ryan.khan@myscu.edu,DATA212,C,72
ryan.khan@myscu.edu,DATA218,C,78
ryan.khan@myscu.edu,DATA208,C,77
jessica.gallagher@myscu.edu,DATA213,A,91
jessica.gallagher@myscu.edu,DATA207,A,90
jessica.gallagher@myscu.edu,DATA212,B,88
michael.morales@myscu.edu,DATA203,B,84
michael.morales@myscu.edu,DATA214,A,97
michael.morales@myscu.edu,DATA209,B,85
michael.morales@myscu.edu,DATA216,A,97
ashley.lee@myscu.edu,DATA215,D,64
ashley.lee@myscu.edu,DATA218,C,79
ashley.lee@myscu.edu,DATA209,C,74
ashley.lee@myscu.edu,DATA202,C,73
angela.jones@myscu.edu,DATA216,B,85
angela.jones@myscu.edu,DATA218,A,97
william.duran@myscu.edu,DATA206,A,98
joshua.hays@myscu.edu,DATA206,B,84
erin.wilson@myscu.edu,DATA204,A,100
theresa.long@myscu.edu,DATA204,C,76
theresa.long@myscu.edu,DATA205,B,81
theresa.long@myscu.edu,DATA215,A,99
laura.morgan@myscu.edu,DATA216,A,97
laura.morgan@myscu.edu,DATA207,A,96
laura.morgan@myscu.edu,DATA212,A,97
sheila.fischer@myscu.edu,DATA208,D,61
james.hicks@myscu.edu,DATA216,D,62
james.hicks@myscu.edu,DATA203,D,67
james.hicks@myscu.edu,DATA202,D,63
vincent.williams@myscu.edu,DATA212,A,94
vincent.williams@myscu.edu,DATA202,A,98
vincent.williams@myscu.edu,DATA213,A,95
derrick.cook@myscu.edu,DATA216,A,90
derrick.cook@myscu.edu,DATA219,C,74
thomas.bryant@myscu.edu,DATA218,A,96
thomas.bryant@myscu.edu,DATA212,A,94
thomas.bryant@myscu.edu,DATA206,C,74
thomas.bryant@myscu.edu,DATA213,B,81
catherine.robertson@myscu.edu,DATA219,C,70
catherine.robertson@myscu.edu,DATA207,D,66
catherine.robertson@myscu.edu,DATA213,D,65
mark.austin@myscu.edu,DATA219,A,94
mark.austin@myscu.edu,DATA203,A,98
francisco.ewing@myscu.edu,DATA206,B,86
francisco.ewing@myscu.edu,DATA218,A,93
francisco.ewing@myscu.edu,DATA208,C,78
francisco.ewing@myscu.edu,DATA211,C,70
jodi.evans@myscu.edu,DATA213,C,78
jodi.evans@myscu.edu,DATA212,C,77
jodi.evans@myscu.edu,DATA215,A,92
amanda.erickson@myscu.edu,DATA214,A,99
kevin.cabrera@myscu.edu,DATA218,A,99
kevin.cabrera@myscu.edu,DATA209,B,89
kevin.cabrera@myscu.edu,DATA204,A,97
kevin.cabrera@myscu.edu,DATA219,B,83
micheal.nunez@myscu.edu,DATA218,C,70
micheal.nunez@myscu.edu,DATA208,A,95
micheal.nunez@myscu.edu,DATA205,B,83
tina.silva@myscu.edu,DATA209,B,81
tina.silva@myscu.edu,DATA212,A,100
tina.silva@myscu.edu,DATA219,A,96
laura.swanson@myscu.edu,DATA213,A,93
hailey.johnson@myscu.edu,DATA214,D,68
hailey.johnson@myscu.edu,DATA215,A,93
hailey.johnson@myscu.edu,DATA213,D,67
thomas.coffey@myscu.edu,DATA213,C,71
thomas.coffey@myscu.edu,DATA208,D,69
krista.parsons@myscu.edu,DATA209,D,64
becky.griffith@myscu.edu,DATA213,B,89
brandy.jackson@myscu.edu,DATA215,A,98
brandy.jackson@myscu.edu,DATA214,A,100
cristina.harvey@myscu.edu,DATA213,D,64
maureen.hernandez@myscu.edu,DATA218,A,93
maureen.hernandez@myscu.edu,DATA214,A,94
maureen.hernandez@myscu.edu,DATA209,C,72
maureen.hernandez@myscu.edu,DATA207,A,98
erin.johnson@myscu.edu,DATA202,B,88
erin.johnson@myscu.edu,DATA216,D,65
stacy.rodriguez@myscu.edu,DATA215,B,89
stacy.rodriguez@myscu.edu,DATA213,B,81
stacy.rodriguez@myscu.edu,DATA204,A,97
stacy.rodriguez@myscu.edu,DATA207,A,93
andrew.edwards@myscu.edu,DATA213,C,79
andrew.edwards@myscu.edu,DATA208,C,76
andrew.edwards@myscu.edu,DATA212,B,81
edward.vaughn@myscu.edu,DATA214,D,66
edward.vaughn@myscu.edu,DATA204,C,77
edward.vaughn@myscu.edu,DATA205,C,73
edward.vaughn@myscu.edu,DATA213,B,87
robert.hampton@myscu.edu,DATA219,A,91
robert.hampton@myscu.edu,DATA209,C,70
samantha.salas@myscu.edu,DATA218,B,85
jill.brown@myscu.edu,DATA207,A,93
jill.brown@myscu.edu,DATA211,D,65
mark.bates@myscu.edu,DATA218,C,73
alicia.edwards@myscu.edu,DATA207,A,100
alicia.edwards@myscu.edu,DATA205,D,61
alicia.edwards@myscu.edu,DATA219,C,73
alicia.edwards@myscu.edu,DATA203,A,93
glen.barr@myscu.edu,DATA214,A,92
glen.barr@myscu.edu,DATA204,B,81
matthew.gomez@myscu.edu,DATA208,B,87
matthew.gomez@myscu.edu,DATA205,A,94
matthew.gomez@myscu.edu,DATA214,D,67
kelsey.le@myscu.edu,DATA209,D,65
kelsey.le@myscu.edu,DATA215,A,96
kelsey.le@myscu.edu,DATA219,C,75
dawn.steele@myscu.edu,DATA204,A,91
dawn.steele@myscu.edu,DATA202,D,65
chelsea.lee@myscu.edu,DATA207,C,77
chelsea.lee@myscu.edu,DATA203,A,96
chelsea.lee@myscu.edu,DATA202,D,60
john.grant@myscu.edu,DATA218,D,61
john.grant@myscu.edu,DATA208,A,99
jeffrey.dudley@myscu.edu,DATA208,A,96
kenneth.roberts@myscu.edu,DATA212,A,100
jared.bush@myscu.edu,DATA208,C,70
jared.bush@myscu.edu,DATA216,D,66
logan.bailey@myscu.edu,DATA216,B,89
logan.bailey@myscu.edu,DATA212,A,96
sarah.pope@myscu.edu,DATA216,B,83
sarah.pope@myscu.edu,DATA203,D,69
sarah.pope@myscu.edu,DATA215,A,95
joshua.martinez@myscu.edu,DATA207,B,87
joshua.martinez@myscu.edu,DATA215,B,87
joshua.martinez@myscu.edu,DATA219,A,97
erica.james@myscu.edu,DATA206,B,83
tina.cardenas@myscu.edu,DATA207,D,65
stephanie.ballard@myscu.edu,DATA214,A,100
stephanie.ballard@myscu.edu,DATA218,B,80
kelly.roberts@myscu.edu,DATA207,A,92
kelly.roberts@myscu.edu,DATA211,A,94
kelly.roberts@myscu.edu,DATA214,D,61
kelly.roberts@myscu.edu,DATA208,D,60
jennifer.reed@myscu.edu,DATA212,B,80
jennifer.reed@myscu.edu,DATA204,C,72
jennifer.reed@myscu.edu,DATA213,D,68
jennifer.reed@myscu.edu,DATA208,B,85
scott.scott@myscu.edu,DATA213,D,67
timothy.harris@myscu.edu,DATA213,D,67
amanda.fitzpatrick@myscu.edu,DATA203,C,75
heather.taylor@myscu.edu,DATA202,A,97
christina.matthews@myscu.edu,DATA208,D,60
christina.matthews@myscu.edu,DATA216,C,75
john.santiago@myscu.edu,DATA207,D,68
john.santiago@myscu.edu,DATA215,A,96
amanda.little@myscu.edu,DATA207,C,79
amanda.little@myscu.edu,DATA213,D,68
brian.gutierrez@myscu.edu,DATA213,B,80
brian.gutierrez@myscu.edu,DATA218,B,82
brian.gutierrez@myscu.edu,DATA212,D,67
jennifer.garcia@myscu.edu,DATA214,D,62
jennifer.garcia@myscu.edu,DATA211,D,63
kelli.smith@myscu.edu,DATA216,A,93
kelli.smith@myscu.edu,DATA211,B,80
andrea.hickman@myscu.edu,DATA209,A,94
andrea.hickman@myscu.edu,DATA216,D,66
andrea.hickman@myscu.edu,DATA205,A,92
richard.donovan@myscu.edu,DATA219,D,67
richard.donovan@myscu.edu,DATA204,D,62
richard.donovan@myscu.edu,DATA203,C,78
natalie.woods@myscu.edu,DATA207,D,63
natalie.woods@myscu.edu,DATA216,D,68
natalie.woods@myscu.edu,DATA208,C,73
james.maynard@myscu.edu,DATA215,B,89
james.maynard@myscu.edu,DATA208,C,73
manuel.brewer@myscu.edu,DATA218,D,64
rebecca.davis@myscu.edu,DATA206,B,81
rebecca.davis@myscu.edu,DATA208,A,93
rebecca.davis@myscu.edu,DATA209,A,91
rebecca.davis@myscu.edu,DATA211,C,73
audrey.nichols@myscu.edu,DATA214,B,85
jennifer.zuniga@myscu.edu,DATA206,D,65
robin.thompson@myscu.edu,DATA209,C,73
nicole.thompson@myscu.edu,DATA203,B,82
samantha.osborn@myscu.edu,DATA207,A,92
samantha.osborn@myscu.edu,DATA206,A,98
randy.simpson@myscu.edu,DATA212,B,85
randy.simpson@myscu.edu,DATA214,A,96
sharon.hayden@myscu.edu,DATA215,C,73
sara.mcdowell@myscu.edu,DATA202,C,75
sara.mcdowell@myscu.edu,DATA214,A,99
sara.mcdowell@myscu.edu,DATA218,D,63
sara.mcdowell@myscu.edu,DATA212,D,60
albert.bradley@myscu.edu,DATA205,A,100
albert.bradley@myscu.edu,DATA207,B,81
daniel.bird@myscu.edu,DATA205,B,80
daniel.bird@myscu.edu,DATA215,B,87
justin.hays@myscu.edu,DATA206,D,65
sheena.rosales@myscu.edu,DATA213,B,88
sheena.rosales@myscu.edu,DATA212,C,75
sheena.rosales@myscu.edu,DATA205,D,65
sheena.rosales@myscu.edu,DATA202,B,81
sheena.rosales@myscu.edu,DATA215,B,84
taylor.lee@myscu.edu,DATA202,B,84
stephen.scott@myscu.edu,DATA207,A,96
jacob.doyle@myscu.edu,DATA215,C,71
jacob.doyle@myscu.edu,DATA212,B,82
jacob.doyle@myscu.edu,DATA207,B,82
jacob.doyle@myscu.edu,DATA208,D,66
krystal.bradley@myscu.edu,DATA206,C,78
katherine.thompson@myscu.edu,DATA203,B,85
katherine.thompson@myscu.edu,DATA219,A,99
katherine.thompson@myscu.edu,DATA207,D,62
melissa.prince@myscu.edu,DATA204,A,92
melissa.prince@myscu.edu,DATA216,C,75
melissa.prince@myscu.edu,DATA208,A,90
melissa.prince@myscu.edu,DATA207,A,91
margaret.robertson@myscu.edu,DATA208,C,71
margaret.robertson@myscu.edu,DATA207,B,89
margaret.robertson@myscu.edu,DATA209,D,61
christopher.caldwell@myscu.edu,DATA205,C,70
jack.taylor@myscu.edu,DATA209,A,94
marcus.wright@myscu.edu,DATA208,A,98
jose.young@myscu.edu,DATA213,B,86
jose.young@myscu.edu,DATA202,B,84
jose.young@myscu.edu,DATA212,B,86
jose.young@myscu.edu,DATA214,D,60
jose.young@myscu.edu,DATA215,B,81
karen.finley@myscu.edu,DATA205,C,75
karen.finley@myscu.edu,DATA209,C,78
karen.finley@myscu.edu,DATA216,C,71
karen.finley@myscu.edu,DATA202,A,93
karen.finley@myscu.edu,DATA213,D,65
kevin.sharp@myscu.edu,DATA213,B,84
kevin.sharp@myscu.edu,DATA205,C,76
kevin.sharp@myscu.edu,DATA208,C,76
alexander.valdez@myscu.edu,DATA206,D,64
alexander.valdez@myscu.edu,DATA208,B,86
alexander.valdez@myscu.edu,DATA211,D,64
heather.brown@myscu.edu,DATA205,D,62
heather.brown@myscu.edu,DATA208,D,66
heather.brown@myscu.edu,DATA213,A,99
david.parker@myscu.edu,DATA211,B,89
richard.shaw@myscu.edu,DATA203,B,80
richard.shaw@myscu.edu,DATA206,A,100
richard.shaw@myscu.edu,DATA211,B,81
richard.shaw@myscu.edu,DATA202,A,94
paula.padilla@myscu.edu,DATA209,A,100
paula.padilla@myscu.edu,DATA219,C,79
paula.padilla@myscu.edu,DATA206,B,86
paula.padilla@myscu.edu,DATA214,C,76
larry.wilson@myscu.edu,DATA209,D,62
larry.wilson@myscu.edu,DATA203,B,83
larry.wilson@myscu.edu,DATA207,C,72
sabrina.phillips@myscu.edu,DATA203,A,94
sabrina.phillips@myscu.edu,DATA204,D,60
sabrina.phillips@myscu.edu,DATA214,D,68
christina.robinson@myscu.edu,DATA216,C,73
christina.robinson@myscu.edu,DATA208,D,60
christina.robinson@myscu.edu,DATA212,C,76
dennis.hernandez@myscu.edu,DATA202,D,69
dennis.hernandez@myscu.edu,DATA218,A,91
dennis.hernandez@myscu.edu,DATA219,B,86
dennis.hernandez@myscu.edu,DATA213,C,73
dennis.hernandez@myscu.edu,DATA216,B,87
julie.obrien@myscu.edu,DATA202,D,68
julie.obrien@myscu.edu,DATA204,A,92
julie.obrien@myscu.edu,DATA209,C,76
robert.dunn@myscu.edu,DATA204,C,76
robert.dunn@myscu.edu,DATA218,C,77
robert.dunn@myscu.edu,DATA215,B,89
thomas.medina@myscu.edu,DATA203,D,67
elizabeth.robinson@myscu.edu,DATA214,A,97
elizabeth.robinson@myscu.edu,DATA204,C,74
john.fischer@myscu.edu,DATA207,A,97
john.fischer@myscu.edu,DATA212,B,80
morgan.miller@myscu.edu,DATA202,C,73
sean.padilla@myscu.edu,DATA208,D,61
christian.elliott@myscu.edu,DATA205,A,96
christian.elliott@myscu.edu,DATA212,A,96
christian.elliott@myscu.edu,DATA208,D,62
bryan.kelley@myscu.edu,DATA203,B,86
bryan.kelley@myscu.edu,DATA204,A,91
bryan.kelley@myscu.edu,DATA206,B,85
william.armstrong@myscu.edu,DATA214,C,76
william.armstrong@myscu.edu,DATA207,A,98
william.armstrong@myscu.edu,DATA218,A,100
william.armstrong@myscu.edu,DATA205,D,60
edward.murphy@myscu.edu,DATA207,C,71
edward.murphy@myscu.edu,DATA219,C,71
edward.murphy@myscu.edu,DATA203,A,92
edward.murphy@myscu.edu,DATA204,A,94
abigail.wilson@myscu.edu,DATA203,C,77
jamie.aguilar@myscu.edu,DATA216,A,99
jamie.aguilar@myscu.edu,DATA215,A,92
jamie.aguilar@myscu.edu,DATA212,C,77
jamie.aguilar@myscu.edu,DATA205,B,80
christopher.dixon@myscu.edu,DATA206,D,67
christopher.dixon@myscu.edu,DATA205,C,75
christopher.dixon@myscu.edu,DATA216,B,81
lindsey.chavez@myscu.edu,DATA214,A,94
william.bryant@myscu.edu,DATA216,B,89
william.bryant@myscu.edu,DATA206,A,91
william.bryant@myscu.edu,DATA205,D,67
william.bryant@myscu.edu,DATA204,B,89
brian.ford@myscu.edu,DATA203,C,77
lindsay.cummings@myscu.edu,DATA215,C,72
randy.velasquez@myscu.edu,DATA219,D,61
julie.lane@myscu.edu,DATA208,B,87
brandon.cooper@myscu.edu,DATA202,A,95
brandon.cooper@myscu.edu,DATA207,A,95
bryce.mcknight@myscu.edu,DATA211,D,67
sarah.jones@myscu.edu,DATA202,B,84
sarah.johnson@myscu.edu,DATA211,C,77
robert.mack@myscu.edu,DATA205,D,62
robert.mack@myscu.edu,DATA212,C,72
robert.mack@myscu.edu,DATA214,C,79
robert.mack@myscu.edu,DATA213,C,73
robert.mack@myscu.edu,DATA219,A,97
katie.good@myscu.edu,DATA212,A,92
debbie.fisher@myscu.edu,DATA206,A,93
molly.knox@myscu.edu,DATA208,A,92
molly.knox@myscu.edu,DATA219,A,91
molly.knox@myscu.edu,DATA215,A,95
molly.knox@myscu.edu,DATA212,A,90
dorothy.ryan@myscu.edu,DATA219,B,82
desiree.bailey@myscu.edu,DATA202,A,92
desiree.bailey@myscu.edu,DATA209,C,74
desiree.bailey@myscu.edu,DATA206,C,74
desiree.bailey@myscu.edu,DATA211,C,73
gregory.medina@myscu.edu,DATA202,B,85
gregory.medina@myscu.edu,DATA209,C,78
allison.luna@myscu.edu,DATA205,B,88
jeffrey.smith@myscu.edu,DATA204,C,76
jeffrey.smith@myscu.edu,DATA207,C,74
emily.stephens@myscu.edu,DATA205,A,98
emily.stephens@myscu.edu,DATA216,D,60
emily.stephens@myscu.edu,DATA215,D,67
emily.stephens@myscu.edu,DATA208,B,82
amanda.morrow@myscu.edu,DATA216,C,72
amanda.morrow@myscu.edu,DATA204,A,100
amanda.morrow@myscu.edu,DATA206,B,86
john.reed@myscu.edu,DATA209,C,71
john.reed@myscu.edu,DATA213,A,94
joshua.pineda@myscu.edu,DATA206,D,68
joshua.pineda@myscu.edu,DATA203,D,68
jessica.rodriguez@myscu.edu,DATA215,C,70
lisa.barnes@myscu.edu,DATA211,C,76
lisa.barnes@myscu.edu,DATA212,D,64
lisa.barnes@myscu.edu,DATA205,C,70
katie.stephenson@myscu.edu,DATA208,A,99
alexis.harris@myscu.edu,DATA212,B,88
alexis.harris@myscu.edu,DATA214,B,89
alexis.harris@myscu.edu,DATA202,D,68
craig.johnson@myscu.edu,DATA212,D,60
carla.warner@myscu.edu,DATA213,C,77
brandon.yang@myscu.edu,DATA203,C,77
brandon.yang@myscu.edu,DATA213,D,64
brandon.yang@myscu.edu,DATA212,D,61
brandon.yang@myscu.edu,DATA219,D,63
richard.young@myscu.edu,DATA216,A,91
richard.young@myscu.edu,DATA202,A,97
richard.young@myscu.edu,DATA219,C,77
jeff.shields@myscu.edu,DATA212,D,66
brian.gordon@myscu.edu,DATA206,A,96
brian.gordon@myscu.edu,DATA211,C,73
brian.gordon@myscu.edu,DATA209,C,70
brian.gordon@myscu.edu,DATA202,C,77
keith.cabrera@myscu.edu,DATA205,B,83
jessica.flores@myscu.edu,DATA206,C,75
jessica.flores@myscu.edu,DATA209,A,95
carla.chambers@myscu.edu,DATA219,D,64
malik.turner@myscu.edu,DATA215,D,63
malik.turner@myscu.edu,DATA203,A,99
douglas.keller@myscu.edu,DATA218,C,79
douglas.keller@myscu.edu,DATA219,D,66
douglas.keller@myscu.edu,DATA208,A,100
jeffrey.turner@myscu.edu,DATA202,D,69
jeffrey.turner@myscu.edu,DATA215,D,69
jeffrey.turner@myscu.edu,DATA216,A,94
bruce.fry@myscu.edu,DATA207,D,61
bruce.fry@myscu.edu,DATA206,A,95
nichole.buck@myscu.edu,DATA215,A,90
nichole.buck@myscu.edu,DATA213,D,69
nichole.buck@myscu.edu,DATA206,C,76
connie.simmons@myscu.edu,DATA204,B,86
tyler.compton@myscu.edu,DATA214,C,73
tyler.compton@myscu.edu,DATA218,C,71
tyler.compton@myscu.edu,DATA212,B,83
shelly.powers@myscu.edu,DATA212,D,65
kristi.flores@myscu.edu,DATA214,C,79
kristi.flores@myscu.edu,DATA216,C,71
kristi.flores@myscu.edu,DATA207,C,78
robert.hernandez@myscu.edu,DATA211,D,60
robert.hernandez@myscu.edu,DATA213,C,76
robert.hernandez@myscu.edu,DATA218,C,71
robert.hernandez@myscu.edu,DATA216,B,86
nicholas.webster@myscu.edu,DATA206,D,66
nicholas.webster@myscu.edu,DATA203,D,66
nicholas.webster@myscu.edu,DATA215,A,94
nicholas.webster@myscu.edu,DATA216,A,99
nicholas.webster@myscu.edu,DATA218,D,63
thomas.atkinson@myscu.edu,DATA202,C,72
thomas.atkinson@myscu.edu,DATA211,C,79
thomas.atkinson@myscu.edu,DATA218,A,93
kevin.zimmerman@myscu.edu,DATA213,D,66
kevin.zimmerman@myscu.edu,DATA205,B,84
kevin.zimmerman@myscu.edu,DATA211,C,73
kevin.zimmerman@myscu.edu,DATA214,D,63
linda.melendez@myscu.edu,DATA214,A,90
anna.faulkner@myscu.edu,DATA206,D,60
anna.faulkner@myscu.edu,DATA214,D,69
anna.faulkner@myscu.edu,DATA212,A,94
anna.faulkner@myscu.edu,DATA207,B,88
john.harris@myscu.edu,DATA218,D,63
deborah.nielsen@myscu.edu,DATA211,D,69
deborah.nielsen@myscu.edu,DATA213,D,62
melanie.davis@myscu.edu,DATA214,A,98
melanie.davis@myscu.edu,DATA216,B,81
jenny.lee@myscu.edu,DATA211,C,75
jenny.lee@myscu.edu,DATA205,B,86
jenny.lee@myscu.edu,DATA212,D,68
joseph.nunez@myscu.edu,DATA202,B,83
carrie.russo@myscu.edu,DATA213,B,86
jacob.gill@myscu.edu,DATA211,A,97
jacob.gill@myscu.edu,DATA204,D,61
jacob.gill@myscu.edu,DATA202,D,60
jacob.gill@myscu.edu,DATA214,B,81
jennifer.hansen@myscu.edu,DATA216,A,90
timothy.booth@myscu.edu,DATA214,A,98
timothy.booth@myscu.edu,DATA203,B,80
mason.krueger@myscu.edu,DATA202,D,61
mason.krueger@myscu.edu,DATA214,D,63
mason.krueger@myscu.edu,DATA209,D,66
alexis.giles@myscu.edu,DATA204,A,91
alexis.giles@myscu.edu,DATA215,C,75
suzanne.wilson@myscu.edu,DATA203,D,68
suzanne.wilson@myscu.edu,DATA212,B,81
suzanne.wilson@myscu.edu,DATA205,A,96
yvonne.mendoza@myscu.edu,DATA219,D,60
john.munoz@myscu.edu,DATA216,D,61
james.herman@myscu.edu,DATA204,C,73
james.herman@myscu.edu,DATA208,A,99
james.herman@myscu.edu,DATA202,B,89
andrea.rowe@myscu.edu,DATA203,D,65
andrea.rowe@myscu.edu,DATA218,C,72
andrea.rowe@myscu.edu,DATA212,D,62
andrea.rowe@myscu.edu,DATA204,B,88
andrea.rowe@myscu.edu,DATA213,C,70
oscar.ferguson@myscu.edu,DATA218,C,70
oscar.ferguson@myscu.edu,DATA205,D,65
oscar.ferguson@myscu.edu,DATA219,D,66
michael.green@myscu.edu,DATA204,C,73
michael.green@myscu.edu,DATA219,A,94
william.crawford@myscu.edu,DATA215,B,84
william.crawford@myscu.edu,DATA216,D,62
william.crawford@myscu.edu,DATA202,A,92
corey.zavala@myscu.edu,DATA215,A,90
corey.zavala@myscu.edu,DATA208,B,84
corey.zavala@myscu.edu,DATA211,A,91
terrance.franco@myscu.edu,DATA204,C,71
terrance.franco@myscu.edu,DATA203,D,67
robin.wood@myscu.edu,DATA211,C,76
robin.wood@myscu.edu,DATA209,B,80
robin.wood@myscu.edu,DATA219,C,77
robin.wood@myscu.edu,DATA215,B,86
jeffrey.thomas@myscu.edu,DATA203,A,91
jeffrey.thomas@myscu.edu,DATA213,D,67
jeffrey.thomas@myscu.edu,DATA216,A,96
jose.donovan@myscu.edu,DATA219,C,70
beth.butler@myscu.edu,DATA204,A,90
beth.butler@myscu.edu,DATA219,D,60
beth.butler@myscu.edu,DATA211,B,89
beth.butler@myscu.edu,DATA215,C,76
noah.whitaker@myscu.edu,DATA207,C,75
noah.whitaker@myscu.edu,DATA202,D,69
noah.whitaker@myscu.edu,DATA212,C,74
victor.pena@myscu.edu,DATA209,C,79
gail.scott@myscu.edu,DATA208,C,71
gail.scott@myscu.edu,DATA214,D,69
lorraine.levy@myscu.edu,DATA213,D,65
lorraine.levy@myscu.edu,DATA206,B,85
darlene.henry@myscu.edu,DATA209,D,60
darlene.henry@myscu.edu,DATA208,D,69
gary.norton@myscu.edu,DATA205,C,71
gary.norton@myscu.edu,DATA216,C,73
gary.norton@myscu.edu,DATA219,A,97
gary.cortez@myscu.edu,DATA203,C,77
gary.cortez@myscu.edu,DATA219,D,65
gary.cortez@myscu.edu,DATA208,D,61
amber.may@myscu.edu,DATA209,C,79
brian.johnson@myscu.edu,DATA204,B,88
brian.johnson@myscu.edu,DATA216,A,90
brian.johnson@myscu.edu,DATA219,C,71
brian.johnson@myscu.edu,DATA205,B,84
melanie.landry@myscu.edu,DATA208,A,99
elizabeth.duran@myscu.edu,DATA212,D,61
elizabeth.duran@myscu.edu,DATA207,C,73
elizabeth.duran@myscu.edu,DATA202,C,71
elizabeth.duran@myscu.edu,DATA204,B,86
robert.kirby@myscu.edu,DATA204,A,100
robert.kirby@myscu.edu,DATA202,B,82
robert.kirby@myscu.edu,DATA212,B,80
jesse.mann@myscu.edu,DATA208,C,74
jesse.mann@myscu.edu,DATA215,A,90
nathaniel.williamson@myscu.edu,DATA213,D,65
elizabeth.jensen@myscu.edu,DATA202,B,89
timothy.freeman@myscu.edu,DATA216,A,95
adam.arnold@myscu.edu,DATA211,D,61
alexander.moreno@myscu.edu,DATA202,D,68
alexander.moreno@myscu.edu,DATA211,C,77
alexander.moreno@myscu.edu,DATA205,B,82
alexander.moreno@myscu.edu,DATA214,A,97
joshua.madden@myscu.edu,DATA215,A,94
andre.li@myscu.edu,DATA209,B,82
emily.drake@myscu.edu,DATA209,D,67
emily.drake@myscu.edu,DATA205,B,84
emily.drake@myscu.edu,DATA213,D,62
renee.rodriguez@myscu.edu,DATA213,D,68
james.fox@myscu.edu,DATA207,A,96
james.fox@myscu.edu,DATA214,D,67
lisa.adams@myscu.edu,DATA209,B,80
randy.watson@myscu.edu,DATA204,A,97
randy.watson@myscu.edu,DATA206,D,65
richard.cunningham@myscu.edu,DATA205,A,94
richard.cunningham@myscu.edu,DATA202,B,85
richard.cunningham@myscu.edu,DATA213,C,78
veronica.perez@myscu.edu,DATA202,A,94
gabriella.abbott@myscu.edu,DATA204,B,86
desiree.garrison@myscu.edu,DATA216,C,76
desiree.garrison@myscu.edu,DATA208,A,90
desiree.garrison@myscu.edu,DATA202,A,95
katherine.davis@myscu.edu,DATA219,B,87
katherine.davis@myscu.edu,DATA209,A,92
nicholas.tran@myscu.edu,DATA219,C,73
nicholas.tran@myscu.edu,DATA204,B,89
brian.smith@myscu.edu,DATA203,B,84
brian.smith@myscu.edu,DATA216,D,63
brian.smith@myscu.edu,DATA214,D,60
brian.smith@myscu.edu,DATA213,A,92
brian.smith@myscu.edu,DATA206,A,93
george.porter@myscu.edu,DATA211,C,77
george.porter@myscu.edu,DATA204,C,79
george.porter@myscu.edu,DATA208,B,89
ryan.mueller@myscu.edu,DATA203,C,76
ryan.mueller@myscu.edu,DATA215,D,61
ariel.hodge@myscu.edu,DATA203,A,92
ariel.hodge@myscu.edu,DATA202,C,74
ariel.hodge@myscu.edu,DATA216,B,88
ariel.hodge@myscu.edu,DATA204,A,95
cody.rice@myscu.edu,DATA208,D,65
cody.rice@myscu.edu,DATA206,A,96
cody.rice@myscu.edu,DATA209,D,67
miranda.clay@myscu.edu,DATA202,C,78
thomas.williams@myscu.edu,DATA203,A,99
charles.frost@myscu.edu,DATA205,A,96
rachel.elliott@myscu.edu,DATA218,B,87
rachel.elliott@myscu.edu,DATA211,C,79
antonio.mcfarland@myscu.edu,DATA206,D,62
antonio.mcfarland@myscu.edu,DATA219,D,63
antonio.mcfarland@myscu.edu,DATA212,B,85
antonio.mcfarland@myscu.edu,DATA207,A,96
antonio.mcfarland@myscu.edu,DATA205,A,93
leonard.ali@myscu.edu,DATA218,C,72
brenda.goodwin@myscu.edu,DATA202,B,85
brenda.goodwin@myscu.edu,DATA209,A,98
brenda.goodwin@myscu.edu,DATA206,A,100
brenda.goodwin@myscu.edu,DATA211,D,68
jennifer.sanders@myscu.edu,DATA207,C,72
jennifer.sanders@myscu.edu,DATA208,B,80
jennifer.sanders@myscu.edu,DATA216,C,74
chase.martin@myscu.edu,DATA204,A,94
chase.martin@myscu.edu,DATA213,C,77
john.davenport@myscu.edu,DATA208,A,92
john.davenport@myscu.edu,DATA212,C,77
john.davenport@myscu.edu,DATA213,B,88
paul.mosley@myscu.edu,DATA209,D,62
martin.campos@myscu.edu,DATA214,C,70
martin.campos@myscu.edu,DATA206,D,67
donald.hinton@myscu.edu,DATA208,A,96
jennifer.mason@myscu.edu,DATA202,A,93
jennifer.mason@myscu.edu,DATA216,B,80
samuel.roberson@myscu.edu,DATA218,B,87
samuel.roberson@myscu.edu,DATA205,C,71
matthew.mack@myscu.edu,DATA212,C,70
stephanie.sanders@myscu.edu,DATA209,D,64
stephanie.sanders@myscu.edu,DATA212,C,70
stephanie.sanders@myscu.edu,DATA204,C,72
kim.johnson@myscu.edu,DATA218,B,82
kim.johnson@myscu.edu,DATA219,B,81
joshua.riddle@myscu.edu,DATA209,D,60
joshua.riddle@myscu.edu,DATA214,C,73
joshua.riddle@myscu.edu,DATA208,C,73
tracy.kelly@myscu.edu,DATA203,D,63
tracy.kelly@myscu.edu,DATA211,D,61
tracy.kelly@myscu.edu,DATA214,D,61
shelley.reynolds@myscu.edu,DATA212,A,93
shelley.reynolds@myscu.edu,DATA202,B,84
shelley.reynolds@myscu.edu,DATA211,C,75
erin.guerrero@myscu.edu,DATA205,B,85
erin.guerrero@myscu.edu,DATA206,B,89
erin.guerrero@myscu.edu,DATA219,C,75
christopher.montgomery@myscu.edu,DATA209,A,97
lauren.marquez@myscu.edu,DATA213,D,67
lauren.marquez@myscu.edu,DATA218,A,93
christopher.moore@myscu.edu,DATA202,A,93
jodi.stewart@myscu.edu,DATA208,A,96
jodi.stewart@myscu.edu,DATA209,D,65
jodi.stewart@myscu.edu,DATA203,C,76
daniel.smith@myscu.edu,DATA203,B,85
kyle.ward@myscu.edu,DATA204,D,60
joseph.anderson@myscu.edu,DATA202,D,61
jacob.cole@myscu.edu,DATA203,A,97
jacob.cole@myscu.edu,DATA216,D,65
jacob.cole@myscu.edu,DATA212,B,84
angela.russell@myscu.edu,DATA218,A,96
angela.russell@myscu.edu,DATA204,D,69
angela.russell@myscu.edu,DATA209,D,68
liming@edu.cn,DATA209,A,98
